ISO Code,Country,Region,Year,Gender parity in account ownership,Gender gap in social media use,Gender gap in mobile ownership
AFG,Afghanistan,South Asia,2014,11.1099987,0,0
AFG,Afghanistan,South Asia,2015,14.08717346,0,0
AFG,Afghanistan,South Asia,2016,17.06435013,0,0
AFG,Afghanistan,South Asia,2017,20.04152298,0,0
AFG,Afghanistan,South Asia,2018,20.04152298,0,0
AFG,Afghanistan,South Asia,2019,20.04152298,0,0
AGO,Angola,Sub-Saharan Africa,2014,55.23757172,46.42856979,51.64504242
AGO,Angola,Sub-Saharan Africa,2015,55.23757172,46.42856979,57.00146103
AGO,Angola,Sub-Saharan Africa,2016,55.23757172,46.42856979,63.72549057
AGO,Angola,Sub-Saharan Africa,2017,55.23757172,38.64655304,53.96647644
AGO,Angola,Sub-Saharan Africa,2018,55.23757172,38.64655304,63.33927536
AGO,Angola,Sub-Saharan Africa,2019,55.23757172,49.55249405,57.71231079
ALB,Albania,Europe & Central Asia,2014,75.39897156,36.50793839,68.42105103
ALB,Albania,Europe & Central Asia,2015,79.93789673,36.50793839,68.42105103
ALB,Albania,Europe & Central Asia,2016,84.4768219,36.50793839,67.39130402
ALB,Albania,Europe & Central Asia,2017,89.0157547,37.84770203,56.52173615
ALB,Albania,Europe & Central Asia,2018,89.0157547,37.84770203,78.26087189
ALB,Albania,Europe & Central Asia,2019,89.0157547,41.4061203,67.74193573
ARE,United Arab Emirates,Middle East & North Africa,2014,70.95384216,6.323186398,86.66666412
ARE,United Arab Emirates,Middle East & North Africa,2015,73.78351593,6.323186398,86.66666412
ARE,United Arab Emirates,Middle East & North Africa,2016,76.61319733,6.323186398,100
ARE,United Arab Emirates,Middle East & North Africa,2017,79.44288635,12.69841385,100
ARE,United Arab Emirates,Middle East & North Africa,2018,79.44288635,13.47302628,100
ARE,United Arab Emirates,Middle East & North Africa,2019,79.44288635,13.89049721,100
ARG,Argentina,Latin America & Caribbean,2014,100,91.47121429,87.01704407
ARG,Argentina,Latin America & Caribbean,2015,100,91.47121429,87.01704407
ARG,Argentina,Latin America & Caribbean,2016,100,100,94.83276367
ARG,Argentina,Latin America & Caribbean,2017,100,100,98.83478546
ARG,Argentina,Latin America & Caribbean,2018,100,100,100
ARG,Argentina,Latin America & Caribbean,2019,100,100,99.65052795
ARM,Armenia,Europe & Central Asia,2014,64.62406921,100,100
ARM,Armenia,Europe & Central Asia,2015,66.01408386,100,100
ARM,Armenia,Europe & Central Asia,2016,67.40409851,100,100
ARM,Armenia,Europe & Central Asia,2017,68.79410553,83.22376251,100
ARM,Armenia,Europe & Central Asia,2018,68.79410553,83.22376251,96.41577148
ARM,Armenia,Europe & Central Asia,2019,68.79410553,88.38256073,100
AUS,Australia,East Asia & Pacific,2014,100,100,78.02198029
AUS,Australia,East Asia & Pacific,2015,100,100,78.02198029
AUS,Australia,East Asia & Pacific,2016,99.62879181,100,96.16858673
AUS,Australia,East Asia & Pacific,2017,99.22602844,100,96.29629517
AUS,Australia,East Asia & Pacific,2018,99.22602844,100,92.5093689
AUS,Australia,East Asia & Pacific,2019,99.22602844,100,92.83154297
AUT,Austria,Europe & Central Asia,2014,100,92.48120117,85.66307831
AUT,Austria,Europe & Central Asia,2015,100,92.48120117,85.66307831
AUT,Austria,Europe & Central Asia,2016,100,92.48120117,79.16667175
AUT,Austria,Europe & Central Asia,2017,100,87.57764435,100
AUT,Austria,Europe & Central Asia,2018,100,100,100
AUT,Austria,Europe & Central Asia,2019,100,93.79489136,100
AZE,Azerbaijan,Europe & Central Asia,2014,75.86418152,96.82539368,93.19728088
AZE,Azerbaijan,Europe & Central Asia,2015,81.63148499,96.82539368,93.19728088
AZE,Azerbaijan,Europe & Central Asia,2016,87.39879608,59.48827362,41.39193726
AZE,Azerbaijan,Europe & Central Asia,2017,93.16610718,76.58079529,26.73992538
AZE,Azerbaijan,Europe & Central Asia,2018,93.16610718,78.57143402,61.80555344
AZE,Azerbaijan,Europe & Central Asia,2019,93.16610718,82.57839966,79.16667175
BDI,Burundi,Sub-Saharan Africa,2014,87.97674561,6.12244606,10.56910133
BDI,Burundi,Sub-Saharan Africa,2015,87.97674561,6.12244606,10.56910133
BDI,Burundi,Sub-Saharan Africa,2016,87.97674561,6.12244606,10.56910133
BDI,Burundi,Sub-Saharan Africa,2017,87.97674561,14.5691824,10.56910133
BDI,Burundi,Sub-Saharan Africa,2018,87.97674561,20.19921494,10.56910133
BDI,Burundi,Sub-Saharan Africa,2019,87.97674561,20.19921494,10.56910133
BEL,Belgium,Europe & Central Asia,2014,100,95.79831696,92.9078064
BEL,Belgium,Europe & Central Asia,2015,100,95.79831696,92.9078064
BEL,Belgium,Europe & Central Asia,2016,100,95.79831696,89.7959137
BEL,Belgium,Europe & Central Asia,2017,100,100,92.98245239
BEL,Belgium,Europe & Central Asia,2018,100,96.22205353,100
BEL,Belgium,Europe & Central Asia,2019,100,100,93.26599121
BEN,Benin,Sub-Saharan Africa,2014,63.4458847,11.19691277,3.381645679
BEN,Benin,Sub-Saharan Africa,2015,59.53200531,11.19691277,3.381645679
BEN,Benin,Sub-Saharan Africa,2016,55.61812973,11.19691277,0
BEN,Benin,Sub-Saharan Africa,2017,51.70425034,18.55998421,30.89431
BEN,Benin,Sub-Saharan Africa,2018,51.70425034,24.47401047,54.95495605
BEN,Benin,Sub-Saharan Africa,2019,51.70425034,18.55998421,33.33333206
BFA,Burkina Faso,Sub-Saharan Africa,2014,74.99027252,1.298701763,18.91891861
BFA,Burkina Faso,Sub-Saharan Africa,2015,70.54246521,1.298701763,18.91891861
BFA,Burkina Faso,Sub-Saharan Africa,2016,66.09466553,1.298701763,0
BFA,Burkina Faso,Sub-Saharan Africa,2017,61.64686203,4.421729565,43.72294235
BFA,Burkina Faso,Sub-Saharan Africa,2018,61.64686203,6.912709713,65.81196594
BFA,Burkina Faso,Sub-Saharan Africa,2019,61.64686203,9.472890854,38.27160645
BGD,Bangladesh,South Asia,2014,70.45694733,6.01503849,45.08516312
BGD,Bangladesh,South Asia,2015,62.9151268,6.01503849,45.08516312
BGD,Bangladesh,South Asia,2016,55.37330627,6.01503849,0
BGD,Bangladesh,South Asia,2017,47.83148956,2.40963006,0
BGD,Bangladesh,South Asia,2018,47.83148956,4.924452305,0
BGD,Bangladesh,South Asia,2019,47.83148956,7.507240772,2.323335409
BGR,Bulgaria,Europe & Central Asia,2014,100,100,100
BGR,Bulgaria,Europe & Central Asia,2015,100,100,100
BGR,Bulgaria,Europe & Central Asia,2016,100,100,96.25468445
BGR,Bulgaria,Europe & Central Asia,2017,100,94.58743286,100
BGR,Bulgaria,Europe & Central Asia,2018,100,94.58743286,96.33699799
BGR,Bulgaria,Europe & Central Asia,2019,100,100,100
BHR,Bahrain,Middle East & North Africa,2014,69.47615051,7.834104538,96.59864044
BHR,Bahrain,Middle East & North Africa,2015,74.71430206,7.834104538,96.59864044
BHR,Bahrain,Middle East & North Africa,2016,79.95246124,7.834104538,100
BHR,Bahrain,Middle East & North Africa,2017,85.19061279,20.30074692,100
BHR,Bahrain,Middle East & North Africa,2018,85.19061279,20.81620789,100
BHR,Bahrain,Middle East & North Africa,2019,85.19061279,23.20227623,100
BHS,Bahamas,Latin America & Caribbean,2014,100,100,100
BHS,Bahamas,Latin America & Caribbean,2015,86.39168549,100,95.62950134
BHS,Bahamas,Latin America & Caribbean,2016,96.14785767,100,100
BHS,Bahamas,Latin America & Caribbean,2017,89.50241089,100,100
BHS,Bahamas,Latin America & Caribbean,2018,93.00518799,100,100
BHS,Bahamas,Latin America & Caribbean,2019,92.69739532,100,100
BIH,Bosnia and Herzegovina,Europe & Central Asia,2014,76.56221771,81.51260376,62.12121201
BIH,Bosnia and Herzegovina,Europe & Central Asia,2015,79.15927887,81.51260376,62.12121201
BIH,Bosnia and Herzegovina,Europe & Central Asia,2016,81.7563324,81.51260376,92.06349182
BIH,Bosnia and Herzegovina,Europe & Central Asia,2017,84.3533783,76.33925629,77.52809143
BIH,Bosnia and Herzegovina,Europe & Central Asia,2018,84.3533783,81.216362,96.33699799
BIH,Bosnia and Herzegovina,Europe & Central Asia,2019,84.3533783,81.216362,81.88405609
BLR,Belarus,Europe & Central Asia,2014,99.9101944,89.93963623,96.16858673
BLR,Belarus,Europe & Central Asia,2015,100,89.93963623,96.16858673
BLR,Belarus,Europe & Central Asia,2016,100,86.66667175,96.16858673
BLR,Belarus,Europe & Central Asia,2017,100,100,100
BLR,Belarus,Europe & Central Asia,2018,100,96.19048309,89.01098633
BLR,Belarus,Europe & Central Asia,2019,100,90.60150146,92.59259033
BLZ,Belize,Latin America & Caribbean,2014,100,100,91.13788605
BLZ,Belize,Latin America & Caribbean,2015,100,100,93.33332062
BLZ,Belize,Latin America & Caribbean,2016,100,100,84.01301575
BLZ,Belize,Latin America & Caribbean,2017,100,100,97.4387207
BLZ,Belize,Latin America & Caribbean,2018,100,100,93.58117676
BLZ,Belize,Latin America & Caribbean,2019,100,100,89.33228302
BOL,Bolivia,Latin America & Caribbean,2014,80.2338028,74.4897995,81.88405609
BOL,Bolivia,Latin America & Caribbean,2015,86.01858521,74.4897995,81.88405609
BOL,Bolivia,Latin America & Caribbean,2016,91.80337524,74.4897995,71.6312027
BOL,Bolivia,Latin America & Caribbean,2017,97.5881424,76.59424591,85.18518066
BOL,Bolivia,Latin America & Caribbean,2018,97.5881424,76.59424591,70.0374527
BOL,Bolivia,Latin America & Caribbean,2019,97.5881424,81.49380493,71.32616425
BRA,Brazil,Latin America & Caribbean,2014,88.69519806,100,100
BRA,Brazil,Latin America & Caribbean,2015,89.6036377,100,100
BRA,Brazil,Latin America & Caribbean,2016,90.51207733,100,86.14971924
BRA,Brazil,Latin America & Caribbean,2017,91.42051697,100,100
BRA,Brazil,Latin America & Caribbean,2018,91.42051697,100,100
BRA,Brazil,Latin America & Caribbean,2019,91.42051697,100,100
BRB,Barbados,Latin America & Caribbean,2014,98.36798859,100,100
BRB,Barbados,Latin America & Caribbean,2015,100,100,99.15522003
BRB,Barbados,Latin America & Caribbean,2016,94.34421539,100,100
BRB,Barbados,Latin America & Caribbean,2017,98.3677597,100,100
BRB,Barbados,Latin America & Caribbean,2018,86.42390442,100,100
BRB,Barbados,Latin America & Caribbean,2019,95.13906097,100,96.30023193
BRN,Brunei Darussalam,East Asia & Pacific,2014,78.42032623,68.25396729,94.96270752
BRN,Brunei Darussalam,East Asia & Pacific,2015,71.82644653,68.25396729,86.79357147
BRN,Brunei Darussalam,East Asia & Pacific,2016,76.43960571,68.25396729,100
BRN,Brunei Darussalam,East Asia & Pacific,2017,83.35227966,68.94409943,78.64374542
BRN,Brunei Darussalam,East Asia & Pacific,2018,78.75602722,74.02597046,93.57315063
BRN,Brunei Darussalam,East Asia & Pacific,2019,76.253479,74.02597046,92.9864502
BTN,Bhutan,South Asia,2014,66.00151825,57.98318863,100
BTN,Bhutan,South Asia,2015,66.00151825,57.98318863,100
BTN,Bhutan,South Asia,2016,66.00151825,57.98318863,100
BTN,Bhutan,South Asia,2017,66.00151825,75.72660828,100
BTN,Bhutan,South Asia,2018,66.00151825,75.72660828,100
BTN,Bhutan,South Asia,2019,66.00151825,85.87497711,100
BWA,Botswana,Sub-Saharan Africa,2014,86.21392822,89.2857132,100
BWA,Botswana,Sub-Saharan Africa,2015,84.26131439,89.2857132,100
BWA,Botswana,Sub-Saharan Africa,2016,82.30869293,89.2857132,92.42424011
BWA,Botswana,Sub-Saharan Africa,2017,80.3560791,87.82902527,100
BWA,Botswana,Sub-Saharan Africa,2018,80.3560791,87.82902527,92.33716583
BWA,Botswana,Sub-Saharan Africa,2019,80.3560791,93.16314697,100
CAF,Central African Republic,Sub-Saharan Africa,2014,45.78564453,16.25615501,29.07801247
CAF,Central African Republic,Sub-Saharan Africa,2015,45.78564453,16.25615501,29.07801247
CAF,Central African Republic,Sub-Saharan Africa,2016,45.78564453,16.25615501,29.07801247
CAF,Central African Republic,Sub-Saharan Africa,2017,45.78564453,10.12451458,45.73643112
CAF,Central African Republic,Sub-Saharan Africa,2018,45.78564453,15.5308094,45.73643112
CAF,Central African Republic,Sub-Saharan Africa,2019,45.78564453,18.35148048,45.73643112
CAN,Canada,North America,2014,100,100,32.53968048
CAN,Canada,North America,2015,100,100,32.53968048
CAN,Canada,North America,2016,100,100,70.46413422
CAN,Canada,North America,2017,100,100,100
CAN,Canada,North America,2018,100,100,74.35897827
CAN,Canada,North America,2019,100,100,78.02198029
CHE,Switzerland,Europe & Central Asia,2014,96.85209656,92.48120117,88.09523773
CHE,Switzerland,Europe & Central Asia,2015,98.25016022,92.48120117,88.09523773
CHE,Switzerland,Europe & Central Asia,2016,99.64821625,92.48120117,77.52809143
CHE,Switzerland,Europe & Central Asia,2017,100,87.57764435,89.01098633
CHE,Switzerland,Europe & Central Asia,2018,100,93.52172852,82.26950073
CHE,Switzerland,Europe & Central Asia,2019,100,93.79489136,92.67399597
CHL,Chile,Latin America & Caribbean,2014,85.04644012,100,100
CHL,Chile,Latin America & Caribbean,2015,86.77522278,100,100
CHL,Chile,Latin America & Caribbean,2016,88.5039978,100,93.81581879
CHL,Chile,Latin America & Caribbean,2017,90.23277283,100,100
CHL,Chile,Latin America & Caribbean,2018,90.23277283,100,100
CHL,Chile,Latin America & Caribbean,2019,90.23277283,100,100
CHN,China,East Asia & Pacific,2014,92.62674713,100,98.89713287
CHN,China,East Asia & Pacific,2015,91.54772186,100,98.89713287
CHN,China,East Asia & Pacific,2016,90.46870422,93.50649261,100
CHN,China,East Asia & Pacific,2017,89.38967896,95.67099762,100
CHN,China,East Asia & Pacific,2018,89.38967896,100,100
CHN,China,East Asia & Pacific,2019,89.38967896,100,97.18959045
CIV,Cote d'Ivoire,Sub-Saharan Africa,2014,69.97967529,17.5324688,55.39925003
CIV,Cote d'Ivoire,Sub-Saharan Africa,2015,70.73750305,17.5324688,55.39925003
CIV,Cote d'Ivoire,Sub-Saharan Africa,2016,71.49534607,17.5324688,35.84742737
CIV,Cote d'Ivoire,Sub-Saharan Africa,2017,72.25318909,31.39427567,49.66410828
CIV,Cote d'Ivoire,Sub-Saharan Africa,2018,72.25318909,34.80342865,69.48300934
CIV,Cote d'Ivoire,Sub-Saharan Africa,2019,72.25318909,34.80342865,70.46897888
CMR,Cameroon,Sub-Saharan Africa,2014,66.93212128,44.76190567,100
CMR,Cameroon,Sub-Saharan Africa,2015,68.78271484,44.76190567,100
CMR,Cameroon,Sub-Saharan Africa,2016,70.63330841,44.76190567,63.47032166
CMR,Cameroon,Sub-Saharan Africa,2017,72.48390961,50.97409058,62.02531433
CMR,Cameroon,Sub-Saharan Africa,2018,72.48390961,54.9499855,100
CMR,Cameroon,Sub-Saharan Africa,2019,72.48390961,59.06298828,75.30864716
COD,"Congo, Democratic Republic",Sub-Saharan Africa,2014,64.01642609,16.96428299,33.33333206
COD,"Congo, Democratic Republic",Sub-Saharan Africa,2015,71.48915863,16.96428299,33.33333206
COD,"Congo, Democratic Republic",Sub-Saharan Africa,2016,78.96189117,16.96428299,0
COD,"Congo, Democratic Republic",Sub-Saharan Africa,2017,86.43462372,25.45881653,0
COD,"Congo, Democratic Republic",Sub-Saharan Africa,2018,86.43462372,25.45881653,0
COD,"Congo, Democratic Republic",Sub-Saharan Africa,2019,86.43462372,31.82859802,0
COG,Congo,Sub-Saharan Africa,2014,74.33100891,20.16806793,48.05194855
COG,Congo,Sub-Saharan Africa,2015,70.09516144,20.16806793,48.05194855
COG,Congo,Sub-Saharan Africa,2016,65.85931396,20.16806793,48.7179451
COG,Congo,Sub-Saharan Africa,2017,61.62346649,29.94957924,72.22222137
COG,Congo,Sub-Saharan Africa,2018,61.62346649,36.64136887,71.01449585
COG,Congo,Sub-Saharan Africa,2019,61.62346649,43.76489258,81.98197937
COL,Colombia,Latin America & Caribbean,2014,72.38230133,100,97.36357117
COL,Colombia,Latin America & Caribbean,2015,76.07957458,100,97.36357117
COL,Colombia,Latin America & Caribbean,2016,79.77685547,100,97.10436249
COL,Colombia,Latin America & Caribbean,2017,83.47413635,96.7589798,100
COL,Colombia,Latin America & Caribbean,2018,83.47413635,96.7589798,96.72967529
COL,Colombia,Latin America & Caribbean,2019,83.47413635,96.7589798,96.6302948
COM,Comoros,Middle East & North Africa,2014,56.83763504,41.17647171,39.02438736
COM,Comoros,Middle East & North Africa,2015,64.98139954,41.17647171,39.02438736
COM,Comoros,Middle East & North Africa,2016,70.49645996,41.17647171,39.02438736
COM,Comoros,Middle East & North Africa,2017,67.99224854,44.74046326,39.02438736
COM,Comoros,Middle East & North Africa,2018,67.51955414,44.74046326,39.02438736
COM,Comoros,Middle East & North Africa,2019,70.36880493,44.74046326,54.73251343
CPV,Cabo Verde,Sub-Saharan Africa,2014,81.00197601,88.09523773,94.76070404
CPV,Cabo Verde,Sub-Saharan Africa,2015,79.02953339,88.09523773,77.05937958
CPV,Cabo Verde,Sub-Saharan Africa,2016,83.37802887,88.09523773,91.09002686
CPV,Cabo Verde,Sub-Saharan Africa,2017,76.94221497,80.87186432,75.13960266
CPV,Cabo Verde,Sub-Saharan Africa,2018,83.55614471,80.87186432,83.08063507
CPV,Cabo Verde,Sub-Saharan Africa,2019,75.4394989,85.93442535,80.41005707
CRI,Costa Rica,Latin America & Caribbean,2014,84.7902298,100,96.33699799
CRI,Costa Rica,Latin America & Caribbean,2015,82.31109619,100,96.33699799
CRI,Costa Rica,Latin America & Caribbean,2016,79.83195496,100,100
CRI,Costa Rica,Latin America & Caribbean,2017,77.35282135,97.64807129,92.83154297
CRI,Costa Rica,Latin America & Caribbean,2018,77.35282135,97.64807129,96.3768158
CRI,Costa Rica,Latin America & Caribbean,2019,77.35282135,100,100
CYP,Cyprus,Europe & Central Asia,2014,100,84.4720459,75.43859863
CYP,Cyprus,Europe & Central Asia,2015,100,84.4720459,75.43859863
CYP,Cyprus,Europe & Central Asia,2016,100,84.4720459,72.22222137
CYP,Cyprus,Europe & Central Asia,2017,100,78.02198029,62.58503342
CYP,Cyprus,Europe & Central Asia,2018,100,81.10891724,75.94502258
CYP,Cyprus,Europe & Central Asia,2019,100,81.80845642,83.16498566
CZE,Czechia,Europe & Central Asia,2014,92.03059387,100,100
CZE,Czechia,Europe & Central Asia,2015,92.35365295,100,100
CZE,Czechia,Europe & Central Asia,2016,92.67671967,100,100
CZE,Czechia,Europe & Central Asia,2017,92.99978638,100,100
CZE,Czechia,Europe & Central Asia,2018,92.99978638,100,92.9078064
CZE,Czechia,Europe & Central Asia,2019,92.99978638,100,92.9078064
DEU,Germany,Europe & Central Asia,2014,100,82.14286041,100
DEU,Germany,Europe & Central Asia,2015,100,82.14286041,100
DEU,Germany,Europe & Central Asia,2016,100,82.14286041,77.77777863
DEU,Germany,Europe & Central Asia,2017,100,85.7142868,100
DEU,Germany,Europe & Central Asia,2018,100,85.72242737,88.63636017
DEU,Germany,Europe & Central Asia,2019,100,85.72242737,88.88889313
DNK,Denmark,Europe & Central Asia,2014,100,100,96.59864044
DNK,Denmark,Europe & Central Asia,2015,100,100,96.59864044
DNK,Denmark,Europe & Central Asia,2016,100,100,96.59864044
DNK,Denmark,Europe & Central Asia,2017,100,100,100
DNK,Denmark,Europe & Central Asia,2018,100,100,96.63299561
DNK,Denmark,Europe & Central Asia,2019,100,100,100
DOM,Dominican Republic,Latin America & Caribbean,2014,100,100,62.93079758
DOM,Dominican Republic,Latin America & Caribbean,2015,100,100,62.93079758
DOM,Dominican Republic,Latin America & Caribbean,2016,97.17184448,100,85.15061188
DOM,Dominican Republic,Latin America & Caribbean,2017,91.53896332,95.63735962,81.2666626
DOM,Dominican Republic,Latin America & Caribbean,2018,91.53896332,95.63735962,85.00826263
DOM,Dominican Republic,Latin America & Caribbean,2019,91.53896332,95.63735962,85.20994568
DZA,Algeria,Middle East & North Africa,2014,59.90508652,41.55844116,85.90513611
DZA,Algeria,Middle East & North Africa,2015,54.52991867,41.55844116,85.90513611
DZA,Algeria,Middle East & North Africa,2016,49.15475082,41.55844116,85.90513611
DZA,Algeria,Middle East & North Africa,2017,43.77958298,38.1800766,82.0588913
DZA,Algeria,Middle East & North Africa,2018,43.77958298,41.75314713,82.21071625
DZA,Algeria,Middle East & North Africa,2019,43.77958298,38.1800766,79.88915253
ECU,Ecuador,Latin America & Caribbean,2014,75.04264069,87.84194946,84.49612427
ECU,Ecuador,Latin America & Caribbean,2015,71.92822266,87.84194946,84.49612427
ECU,Ecuador,Latin America & Caribbean,2016,68.81380463,88.66213226,84.12698364
ECU,Ecuador,Latin America & Caribbean,2017,65.6993866,67.9803009,62.96295929
ECU,Ecuador,Latin America & Caribbean,2018,65.6993866,73.2142868,67.07819366
ECU,Ecuador,Latin America & Caribbean,2019,65.6993866,100,91.76954651
EGY,Egypt,Middle East & North Africa,2014,40.94319916,35.06493378,100
EGY,Egypt,Middle East & North Africa,2015,48.8455162,35.06493378,100
EGY,Egypt,Middle East & North Africa,2016,56.74782944,35.06493378,100
EGY,Egypt,Middle East & North Africa,2017,64.65013885,37.32133102,93.28627014
EGY,Egypt,Middle East & North Africa,2018,64.65013885,37.32133102,100
EGY,Egypt,Middle East & North Africa,2019,64.65013885,37.32133102,100
ESP,Spain,Europe & Central Asia,2014,99.98325348,100,100
ESP,Spain,Europe & Central Asia,2015,98.26139832,100,100
ESP,Spain,Europe & Central Asia,2016,96.53953552,100,85.81560516
ESP,Spain,Europe & Central Asia,2017,94.81767273,100,93.12715149
ESP,Spain,Europe & Central Asia,2018,94.81767273,100,96.52777863
ESP,Spain,Europe & Central Asia,2019,94.81767273,100,100
EST,Estonia,Europe & Central Asia,2014,99.45645905,100,100
EST,Estonia,Europe & Central Asia,2015,99.96944427,100,100
EST,Estonia,Europe & Central Asia,2016,100,100,100
EST,Estonia,Europe & Central Asia,2017,100,100,100
EST,Estonia,Europe & Central Asia,2018,100,100,96.59864044
EST,Estonia,Europe & Central Asia,2019,100,100,100
ETH,Ethiopia,Sub-Saharan Africa,2014,91.61765289,9.523810387,0
ETH,Ethiopia,Sub-Saharan Africa,2015,83.08785248,9.523810387,0
ETH,Ethiopia,Sub-Saharan Africa,2016,74.55805969,9.523810387,0
ETH,Ethiopia,Sub-Saharan Africa,2017,66.02826691,13.75027466,0
ETH,Ethiopia,Sub-Saharan Africa,2018,66.02826691,16.53880882,0.497516006
ETH,Ethiopia,Sub-Saharan Africa,2019,66.02826691,19.40818596,0
FIN,Finland,Europe & Central Asia,2014,100,100,100
FIN,Finland,Europe & Central Asia,2015,99.83837891,100,100
FIN,Finland,Europe & Central Asia,2016,99.67675018,100,100
FIN,Finland,Europe & Central Asia,2017,99.51512909,100,100
FIN,Finland,Europe & Central Asia,2018,99.51512909,100,100
FIN,Finland,Europe & Central Asia,2019,99.51512909,100,100
FJI,Fiji,East Asia & Pacific,2014,99.79251862,93.50649261,96.31040192
FJI,Fiji,East Asia & Pacific,2015,92.8712616,93.50649261,90.51428223
FJI,Fiji,East Asia & Pacific,2016,92.04453278,93.50649261,88.40957642
FJI,Fiji,East Asia & Pacific,2017,100,91.35308838,83.54740143
FJI,Fiji,East Asia & Pacific,2018,98.05741119,91.35308838,99.91246796
FJI,Fiji,East Asia & Pacific,2019,84.94476318,91.35308838,88.71710968
FRA,France,Europe & Central Asia,2014,97.21794891,100,69.69696808
FRA,France,Europe & Central Asia,2015,95.85254669,100,69.69696808
FRA,France,Europe & Central Asia,2016,94.4871521,100,62.12121201
FRA,France,Europe & Central Asia,2017,93.12175751,100,65.90909576
FRA,France,Europe & Central Asia,2018,93.12175751,100,85.18518066
FRA,France,Europe & Central Asia,2019,93.12175751,100,100
GAB,Gabon,Sub-Saharan Africa,2014,84.51689911,48.05194855,100
GAB,Gabon,Sub-Saharan Africa,2015,83.49492645,48.05194855,100
GAB,Gabon,Sub-Saharan Africa,2016,82.4729538,48.05194855,100
GAB,Gabon,Sub-Saharan Africa,2017,81.45098114,56.38083267,72.54901886
GAB,Gabon,Sub-Saharan Africa,2018,81.45098114,60.62176895,85.01872253
GAB,Gabon,Sub-Saharan Africa,2019,81.45098114,69.54236603,92.33716583
GBR,United Kingdom,Europe & Central Asia,2014,99.32795715,100,89.13043976
GBR,United Kingdom,Europe & Central Asia,2015,99.30924988,100,89.13043976
GBR,United Kingdom,Europe & Central Asia,2016,99.29055786,100,100
GBR,United Kingdom,Europe & Central Asia,2017,99.27184296,100,100
GBR,United Kingdom,Europe & Central Asia,2018,99.27184296,100,92.9078064
GBR,United Kingdom,Europe & Central Asia,2019,99.27184296,100,100
GEO,Georgia,Europe & Central Asia,2014,100,100,96.25468445
GEO,Georgia,Europe & Central Asia,2015,100,100,96.25468445
GEO,Georgia,Europe & Central Asia,2016,100,100,92.24806213
GEO,Georgia,Europe & Central Asia,2017,100,90.23441315,81.88405609
GEO,Georgia,Europe & Central Asia,2018,100,90.23441315,89.36170197
GEO,Georgia,Europe & Central Asia,2019,100,95.68006134,100
GHA,Ghana,Sub-Saharan Africa,2014,93.5485611,31.03448486,93.32839966
GHA,Ghana,Sub-Saharan Africa,2015,90.59820557,31.03448486,93.32839966
GHA,Ghana,Sub-Saharan Africa,2016,87.64785004,31.03448486,92.568573
GHA,Ghana,Sub-Saharan Africa,2017,84.69749451,29.81821251,91.05857849
GHA,Ghana,Sub-Saharan Africa,2018,84.69749451,33.06264496,99.41527557
GHA,Ghana,Sub-Saharan Africa,2019,84.69749451,33.06264496,100
GIN,Guinea,Sub-Saharan Africa,2014,32.01816177,24.81202698,71.75141144
GIN,Guinea,Sub-Saharan Africa,2015,43.79885864,24.81202698,71.75141144
GIN,Guinea,Sub-Saharan Africa,2016,55.57955551,24.81202698,69.23077393
GIN,Guinea,Sub-Saharan Africa,2017,67.36024475,37.00403214,48.7179451
GIN,Guinea,Sub-Saharan Africa,2018,67.36024475,44.16005325,62.5
GIN,Guinea,Sub-Saharan Africa,2019,67.36024475,51.79314041,20.45454597
GMB,Gambia,Sub-Saharan Africa,2014,60.96926498,17.85714531,56.14035034
GMB,Gambia,Sub-Saharan Africa,2015,57.31007385,17.85714531,56.14035034
GMB,Gambia,Sub-Saharan Africa,2016,60.86686325,17.85714531,56.14035034
GMB,Gambia,Sub-Saharan Africa,2017,55.65486526,17.48361969,56.14035034
GMB,Gambia,Sub-Saharan Africa,2018,60.59258652,17.48361969,76.47058868
GMB,Gambia,Sub-Saharan Africa,2019,63.95932388,17.48361969,53.48836899
GNB,Guinea-Bissau,Sub-Saharan Africa,2014,60.60564041,14.74653912,33.6281662
GNB,Guinea-Bissau,Sub-Saharan Africa,2015,66.98777008,14.74653912,37.78770447
GNB,Guinea-Bissau,Sub-Saharan Africa,2016,55.90662384,14.74653912,24.73281479
GNB,Guinea-Bissau,Sub-Saharan Africa,2017,51.76158142,14.22012901,29.97963715
GNB,Guinea-Bissau,Sub-Saharan Africa,2018,55.17697906,16.97748184,32.4461174
GNB,Guinea-Bissau,Sub-Saharan Africa,2019,53.47200775,16.97748184,47.19798279
GRC,Greece,Europe & Central Asia,2014,97.52651215,84.12698364,74.63768005
GRC,Greece,Europe & Central Asia,2015,97.48714447,84.12698364,74.63768005
GRC,Greece,Europe & Central Asia,2016,97.44777679,84.12698364,64.53900146
GRC,Greece,Europe & Central Asia,2017,97.40840912,80.95238495,71.32616425
GRC,Greece,Europe & Central Asia,2018,97.40840912,82.1595993,89.24730682
GRC,Greece,Europe & Central Asia,2019,97.40840912,86.60203552,85.5072403
GTM,Guatemala,Latin America & Caribbean,2014,66.20032501,77.67857361,100
GTM,Guatemala,Latin America & Caribbean,2015,73.86795044,77.67857361,100
GTM,Guatemala,Latin America & Caribbean,2016,81.53556824,77.67857361,71.52373505
GTM,Guatemala,Latin America & Caribbean,2017,89.20319366,68.04833984,81.04359436
GTM,Guatemala,Latin America & Caribbean,2018,89.20319366,68.04833984,57.38946152
GTM,Guatemala,Latin America & Caribbean,2019,89.20319366,72.59737396,64.62081909
GUY,Guyana,Latin America & Caribbean,2014,81.82183838,100,92.96701813
GUY,Guyana,Latin America & Caribbean,2015,93.37136841,100,98.73491669
GUY,Guyana,Latin America & Caribbean,2016,90.86717224,100,98.68543243
GUY,Guyana,Latin America & Caribbean,2017,91.97928619,100,98.14317322
GUY,Guyana,Latin America & Caribbean,2018,91.32384491,100,100
GUY,Guyana,Latin America & Caribbean,2019,86.67415619,100,99.54163361
HKG,Hong Kong,East Asia & Pacific,2014,100,100,100
HKG,Hong Kong,East Asia & Pacific,2015,99.68696594,100,100
HKG,Hong Kong,East Asia & Pacific,2016,99.05577087,100,100
HKG,Hong Kong,East Asia & Pacific,2017,98.42457581,100,82.45613861
HKG,Hong Kong,East Asia & Pacific,2018,98.42457581,100,100
HKG,Hong Kong,East Asia & Pacific,2019,98.42457581,100,100
HND,Honduras,Latin America & Caribbean,2014,70.59060669,100,100
HND,Honduras,Latin America & Caribbean,2015,73.17008972,100,100
HND,Honduras,Latin America & Caribbean,2016,75.74956512,100,87.65431976
HND,Honduras,Latin America & Caribbean,2017,78.32904816,100,64.70588684
HND,Honduras,Latin America & Caribbean,2018,78.32904816,100,87.5
HND,Honduras,Latin America & Caribbean,2019,78.32904816,100,78.07017517
HRV,Croatia,Europe & Central Asia,2014,100,90.47618866,69.3486557
HRV,Croatia,Europe & Central Asia,2015,100,90.47618866,69.3486557
HRV,Croatia,Europe & Central Asia,2016,95.38716888,86.66667175,67.39130402
HRV,Croatia,Europe & Central Asia,2017,90.68423462,80.35714722,74.07407379
HRV,Croatia,Europe & Central Asia,2018,90.68423462,87.17948151,64.15770721
HRV,Croatia,Europe & Central Asia,2019,90.68423462,84.69387817,89.24730682
HTI,Haiti,Latin America & Caribbean,2014,69.92474365,53.45104218,100
HTI,Haiti,Latin America & Caribbean,2015,74.08350372,53.45104218,100
HTI,Haiti,Latin America & Caribbean,2016,78.24227142,53.45104218,86.48648834
HTI,Haiti,Latin America & Caribbean,2017,82.40104675,58.59719467,100
HTI,Haiti,Latin America & Caribbean,2018,82.40104675,62.81041336,82.22222137
HTI,Haiti,Latin America & Caribbean,2019,82.40104675,67.17684174,82.22222137
HUN,Hungary,Europe & Central Asia,2014,100,100,96.25468445
HUN,Hungary,Europe & Central Asia,2015,97.56117249,100,96.25468445
HUN,Hungary,Europe & Central Asia,2016,94.27864075,100,89.13043976
HUN,Hungary,Europe & Central Asia,2017,90.99610901,100,85.34798431
HUN,Hungary,Europe & Central Asia,2018,90.99610901,100,92.83154297
HUN,Hungary,Europe & Central Asia,2019,90.99610901,100,96.41577148
IDN,Indonesia,East Asia & Pacific,2014,100,66.23376465,21.21565247
IDN,Indonesia,East Asia & Pacific,2015,100,66.23376465,21.21565247
IDN,Indonesia,East Asia & Pacific,2016,100,66.23376465,15.81613827
IDN,Indonesia,East Asia & Pacific,2017,100,60.20695114,63.64049911
IDN,Indonesia,East Asia & Pacific,2018,100,64.51204681,63.49077225
IDN,Indonesia,East Asia & Pacific,2019,100,64.51204681,65.54933167
IND,India,South Asia,2014,63.34411621,0.852876067,74.2796936
IND,India,South Asia,2015,72.56522369,0.852876067,74.2796936
IND,India,South Asia,2016,81.78632355,0.852876067,80.07051849
IND,India,South Asia,2017,91.00743103,2.17694211,23.2130909
IND,India,South Asia,2018,91.00743103,2.17694211,12.15811157
IND,India,South Asia,2019,91.00743103,2.17694211,33.90550613
IRL,Ireland,Europe & Central Asia,2014,100,100,100
IRL,Ireland,Europe & Central Asia,2015,100,100,100
IRL,Ireland,Europe & Central Asia,2016,99.9924469,100,100
IRL,Ireland,Europe & Central Asia,2017,99.91600037,100,100
IRL,Ireland,Europe & Central Asia,2018,99.91600037,100,100
IRL,Ireland,Europe & Central Asia,2019,99.91600037,100,89.01098633
IRN,Iran,Middle East & North Africa,2014,88.15743256,100,42.02898407
IRN,Iran,Middle East & North Africa,2015,90.14442444,100,42.02898407
IRN,Iran,Middle East & North Africa,2016,92.13143921,100,54.86111069
IRN,Iran,Middle East & North Africa,2017,94.11843109,74.9034729,53.40501785
IRN,Iran,Middle East & North Africa,2018,94.11843109,100,79.16667175
IRN,Iran,Middle East & North Africa,2019,94.11843109,89.4957962,49.82078552
IRQ,Iraq,Middle East & North Africa,2014,42.63727951,6.493510246,96.66666412
IRQ,Iraq,Middle East & North Africa,2015,52.20159912,6.493510246,96.66666412
IRQ,Iraq,Middle East & North Africa,2016,61.76592636,6.493510246,93.33333588
IRQ,Iraq,Middle East & North Africa,2017,71.33024597,6.993533611,100
IRQ,Iraq,Middle East & North Africa,2018,71.33024597,9.620020866,41.58075714
IRQ,Iraq,Middle East & North Africa,2019,71.33024597,4.437090874,53.90070724
ISL,Iceland,Europe & Central Asia,2014,100,100,100
ISL,Iceland,Europe & Central Asia,2015,100,100,100
ISL,Iceland,Europe & Central Asia,2016,100,100,100
ISL,Iceland,Europe & Central Asia,2017,99.80300903,100,100
ISL,Iceland,Europe & Central Asia,2018,100,100,100
ISL,Iceland,Europe & Central Asia,2019,100,100,100
ISR,Israel,Middle East & North Africa,2014,100,84.69387817,96.59864044
ISR,Israel,Middle East & North Africa,2015,100,84.69387817,96.59864044
ISR,Israel,Middle East & North Africa,2016,100,84.69387817,100
ISR,Israel,Middle East & North Africa,2017,100,83.67346954,93.33333588
ISR,Israel,Middle East & North Africa,2018,100,91.35542297,100
ISR,Israel,Middle East & North Africa,2019,100,95.2240448,100
ITA,Italy,Europe & Central Asia,2014,88.8891449,90.47618866,100
ITA,Italy,Europe & Central Asia,2015,90.75967407,90.47618866,100
ITA,Italy,Europe & Central Asia,2016,92.63021088,90.47618866,86.11110687
ITA,Italy,Europe & Central Asia,2017,94.50074005,91.59664154,68.75
ITA,Italy,Europe & Central Asia,2018,94.50074005,92.05577087,69.69696808
ITA,Italy,Europe & Central Asia,2019,94.50074005,92.05577087,93.19728088
JAM,Jamaica,Latin America & Caribbean,2014,97.87732697,100,96.33699799
JAM,Jamaica,Latin America & Caribbean,2015,97.87732697,100,96.33699799
JAM,Jamaica,Latin America & Caribbean,2016,97.87732697,100,96.33699799
JAM,Jamaica,Latin America & Caribbean,2017,97.87732697,100,96.33699799
JAM,Jamaica,Latin America & Caribbean,2018,97.87732697,100,85.96491241
JAM,Jamaica,Latin America & Caribbean,2019,97.87732697,100,85.96491241
JOR,Jordan,Middle East & North Africa,2014,37.43475342,69.81891632,79.59183502
JOR,Jordan,Middle East & North Africa,2015,37.69708633,69.81891632,79.59183502
JOR,Jordan,Middle East & North Africa,2016,37.95941925,72.97296906,92.59259033
JOR,Jordan,Middle East & North Africa,2017,38.22175598,92.76673126,89.01098633
JOR,Jordan,Middle East & North Africa,2018,38.22175598,100,78.49462891
JOR,Jordan,Middle East & North Africa,2019,38.22175598,98.19168091,85.34798431
JPN,Japan,East Asia & Pacific,2014,100,89.01098633,92.67399597
JPN,Japan,East Asia & Pacific,2015,100,89.01098633,92.67399597
JPN,Japan,East Asia & Pacific,2016,100,89.01098633,84.84848785
JPN,Japan,East Asia & Pacific,2017,99.53258514,100,96.33699799
JPN,Japan,East Asia & Pacific,2018,99.53258514,100,82.26950073
JPN,Japan,East Asia & Pacific,2019,99.53258514,100,88.88889313
KAZ,Kazakhstan,Europe & Central Asia,2014,100,94.04761505,92.83154297
KAZ,Kazakhstan,Europe & Central Asia,2015,100,94.04761505,92.83154297
KAZ,Kazakhstan,Europe & Central Asia,2016,100,93.96378326,89.13043976
KAZ,Kazakhstan,Europe & Central Asia,2017,100,100,92.5093689
KAZ,Kazakhstan,Europe & Central Asia,2018,100,100,100
KAZ,Kazakhstan,Europe & Central Asia,2019,100,92.94532776,85.81560516
KEN,Kenya,Sub-Saharan Africa,2014,88.79050446,40.76655197,64.55303192
KEN,Kenya,Sub-Saharan Africa,2015,88.84523773,40.76655197,64.55303192
KEN,Kenya,Sub-Saharan Africa,2016,88.89997864,40.76655197,97.4805603
KEN,Kenya,Sub-Saharan Africa,2017,88.95471954,48.69488525,75.08438873
KEN,Kenya,Sub-Saharan Africa,2018,88.95471954,52.57420349,81.59368134
KEN,Kenya,Sub-Saharan Africa,2019,88.95471954,56.58730316,81.74703979
KGZ,Kyrgyzstan,Europe & Central Asia,2014,100,100,85.66307831
KGZ,Kyrgyzstan,Europe & Central Asia,2015,100,100,85.66307831
KGZ,Kyrgyzstan,Europe & Central Asia,2016,97.74297333,100,96.41577148
KGZ,Kyrgyzstan,Europe & Central Asia,2017,93.41525269,87.11840057,92.83154297
KGZ,Kyrgyzstan,Europe & Central Asia,2018,93.41525269,87.11840057,78.94737244
KGZ,Kyrgyzstan,Europe & Central Asia,2019,93.41525269,87.11840057,100
KHM,Cambodia,East Asia & Pacific,2014,81.70624542,50.73891449,54.02299118
KHM,Cambodia,East Asia & Pacific,2015,87.23358917,50.73891449,54.02299118
KHM,Cambodia,East Asia & Pacific,2016,92.76094055,50.73891449,55.82329178
KHM,Cambodia,East Asia & Pacific,2017,98.28829193,39.32225037,45.14767838
KHM,Cambodia,East Asia & Pacific,2018,98.28829193,42.83419037,50.61728287
KHM,Cambodia,East Asia & Pacific,2019,98.28829193,50.2213707,51.21951294
KOR,"Korea, South",East Asia & Pacific,2014,97.52902985,63.55685043,100
KOR,"Korea, South",East Asia & Pacific,2015,98.21595001,63.55685043,100
KOR,"Korea, South",East Asia & Pacific,2016,98.90286255,63.55685043,100
KOR,"Korea, South",East Asia & Pacific,2017,99.58978271,69.04761505,96.56356812
KOR,"Korea, South",East Asia & Pacific,2018,99.58978271,77.90841675,96.59864044
KOR,"Korea, South",East Asia & Pacific,2019,99.58978271,76.16864777,93.26599121
KWT,Kuwait,Middle East & North Africa,2014,77.38315582,14.28571033,86.39456177
KWT,Kuwait,Middle East & North Africa,2015,80.30613708,14.28571033,86.39456177
KWT,Kuwait,Middle East & North Africa,2016,83.22911835,14.28571033,90
KWT,Kuwait,Middle East & North Africa,2017,86.15209961,23.46939087,100
KWT,Kuwait,Middle East & North Africa,2018,86.15209961,20.63721657,100
KWT,Kuwait,Middle East & North Africa,2019,86.15209961,28.56071663,100
LAO,Laos,East Asia & Pacific,2014,100,66.29213715,73.68421173
LAO,Laos,East Asia & Pacific,2015,100,66.29213715,73.68421173
LAO,Laos,East Asia & Pacific,2016,100,66.29213715,73.68421173
LAO,Laos,East Asia & Pacific,2017,100,60.87989044,73.68421173
LAO,Laos,East Asia & Pacific,2018,100,65.18790436,87.34177399
LAO,Laos,East Asia & Pacific,2019,100,69.65258026,87.95181274
LBN,Lebanon,Middle East & North Africa,2014,44.60970306,60.31745529,78.94737244
LBN,Lebanon,Middle East & North Africa,2015,46.68315506,60.31745529,78.94737244
LBN,Lebanon,Middle East & North Africa,2016,48.75660324,60.31745529,71.6312027
LBN,Lebanon,Middle East & North Africa,2017,50.83005524,62.88746643,85.81560516
LBN,Lebanon,Middle East & North Africa,2018,50.83005524,67.30453491,92.9078064
LBN,Lebanon,Middle East & North Africa,2019,50.83005524,67.30453491,85.81560516
LBR,Liberia,Sub-Saharan Africa,2014,58.40687561,42.8571434,48.27586365
LBR,Liberia,Sub-Saharan Africa,2015,58.40687561,42.8571434,48.27586365
LBR,Liberia,Sub-Saharan Africa,2016,58.40687561,42.8571434,87.17948914
LBR,Liberia,Sub-Saharan Africa,2017,58.40687561,47.72385406,32.29166412
LBR,Liberia,Sub-Saharan Africa,2018,58.40687561,51.59483719,60.45197678
LBR,Liberia,Sub-Saharan Africa,2019,58.40687561,55.59703827,34.42622757
LBY,Libya,Middle East & North Africa,2014,81.65110016,39.84962463,100
LBY,Libya,Middle East & North Africa,2015,81.65110016,39.84962463,100
LBY,Libya,Middle East & North Africa,2016,81.65110016,39.84962463,100
LBY,Libya,Middle East & North Africa,2017,81.65110016,45.00409317,100
LBY,Libya,Middle East & North Africa,2018,81.65110016,45.00409317,100
LBY,Libya,Middle East & North Africa,2019,81.65110016,45.00409317,100
LCA,Saint Lucia,Latin America & Caribbean,2014,90.35565186,100,100
LCA,Saint Lucia,Latin America & Caribbean,2015,88.34980011,100,100
LCA,Saint Lucia,Latin America & Caribbean,2016,90.36177063,100,100
LCA,Saint Lucia,Latin America & Caribbean,2017,85.17442322,100,86.83043671
LCA,Saint Lucia,Latin America & Caribbean,2018,93.0297699,100,100
LCA,Saint Lucia,Latin America & Caribbean,2019,78.03605652,100,100
LKA,Sri Lanka,South Asia,2014,100,19.6428566,60.5263176
LKA,Sri Lanka,South Asia,2015,100,19.6428566,60.5263176
LKA,Sri Lanka,South Asia,2016,99.94702911,19.6428566,61.0389595
LKA,Sri Lanka,South Asia,2017,99.29176331,17.27977943,61.0389595
LKA,Sri Lanka,South Asia,2018,99.29176331,17.27977943,35.74297333
LKA,Sri Lanka,South Asia,2019,99.29176331,20.08467102,66.66667175
LSO,Lesotho,Sub-Saharan Africa,2014,100,83.19327545,100
LSO,Lesotho,Sub-Saharan Africa,2015,100,83.19327545,100
LSO,Lesotho,Sub-Saharan Africa,2016,100,83.19327545,100
LSO,Lesotho,Sub-Saharan Africa,2017,100,84.12590027,100
LSO,Lesotho,Sub-Saharan Africa,2018,100,89.30888367,100
LSO,Lesotho,Sub-Saharan Africa,2019,100,94.70781708,100
LTU,Lithuania,Europe & Central Asia,2014,99.90576172,100,100
LTU,Lithuania,Europe & Central Asia,2015,98.05186462,100,100
LTU,Lithuania,Europe & Central Asia,2016,96.19796753,100,100
LTU,Lithuania,Europe & Central Asia,2017,94.34407043,100,100
LTU,Lithuania,Europe & Central Asia,2018,94.34407043,100,89.36170197
LTU,Lithuania,Europe & Central Asia,2019,94.34407043,100,100
LUX,Luxembourg,Europe & Central Asia,2014,100,91.07142639,96.56356812
LUX,Luxembourg,Europe & Central Asia,2015,100,91.07142639,96.56356812
LUX,Luxembourg,Europe & Central Asia,2016,99.51109314,91.07142639,96.41577148
LUX,Luxembourg,Europe & Central Asia,2017,98.62037659,92.06349182,100
LUX,Luxembourg,Europe & Central Asia,2018,98.62037659,92.48851776,93.12715149
LUX,Luxembourg,Europe & Central Asia,2019,98.62037659,92.48851776,100
LVA,Latvia,Europe & Central Asia,2014,99.86595154,100,100
LVA,Latvia,Europe & Central Asia,2015,99.272789,100,100
LVA,Latvia,Europe & Central Asia,2016,98.67962646,100,100
LVA,Latvia,Europe & Central Asia,2017,98.08647156,100,100
LVA,Latvia,Europe & Central Asia,2018,98.08647156,100,100
LVA,Latvia,Europe & Central Asia,2019,98.08647156,100,100
MAR,Morocco,Middle East & North Africa,2014,30.30023575,34.31855392,62.12121201
MAR,Morocco,Middle East & North Africa,2015,30.30023575,34.31855392,62.12121201
MAR,Morocco,Middle East & North Africa,2016,30.30023575,34.31855392,70.37036896
MAR,Morocco,Middle East & North Africa,2017,30.30023575,29.7016449,44.44444275
MAR,Morocco,Middle East & North Africa,2018,30.30023575,32.94087219,70.69596863
MAR,Morocco,Middle East & North Africa,2019,30.30023575,29.7016449,77.77777863
MDA,Moldova,Europe & Central Asia,2014,100,100,100
MDA,Moldova,Europe & Central Asia,2015,100,100,100
MDA,Moldova,Europe & Central Asia,2016,100,100,100
MDA,Moldova,Europe & Central Asia,2017,100,100,81.06060791
MDA,Moldova,Europe & Central Asia,2018,100,100,100
MDA,Moldova,Europe & Central Asia,2019,100,100,100
MDG,Madagascar,Sub-Saharan Africa,2014,95.0239563,55.92705154,100
MDG,Madagascar,Sub-Saharan Africa,2015,90.1224823,55.92705154,100
MDG,Madagascar,Sub-Saharan Africa,2016,85.2210083,55.92705154,64.2857132
MDG,Madagascar,Sub-Saharan Africa,2017,80.31952667,58.11540985,9.090906143
MDG,Madagascar,Sub-Saharan Africa,2018,80.31952667,62.33314896,100
MDG,Madagascar,Sub-Saharan Africa,2019,80.31952667,66.7015152,25.00000381
MDV,Maldives,South Asia,2014,71.91069794,98.2142868,93.05555725
MDV,Maldives,South Asia,2015,81.04629517,98.2142868,93.05555725
MDV,Maldives,South Asia,2016,70.57066345,98.2142868,93.05555725
MDV,Maldives,South Asia,2017,72.66436768,98.2142868,93.05555725
MDV,Maldives,South Asia,2018,81.65203094,98.2142868,93.05555725
MDV,Maldives,South Asia,2019,80.83582306,98.2142868,93.05555725
MEX,Mexico,Latin America & Caribbean,2014,98.50711823,100,64.3970871
MEX,Mexico,Latin America & Caribbean,2015,91.57988739,100,64.3970871
MEX,Mexico,Latin America & Caribbean,2016,84.6526413,100,60.87203598
MEX,Mexico,Latin America & Caribbean,2017,77.72541809,100,82.44136047
MEX,Mexico,Latin America & Caribbean,2018,77.72541809,100,98.61647797
MEX,Mexico,Latin America & Caribbean,2019,77.72541809,100,94.44409943
MKD,North Macedonia,Europe & Central Asia,2014,76.90801239,64.87119293,81.27340698
MKD,North Macedonia,Europe & Central Asia,2015,80.97000885,64.87119293,81.27340698
MKD,North Macedonia,Europe & Central Asia,2016,85.03201294,64.87119293,77.77777863
MKD,North Macedonia,Europe & Central Asia,2017,89.0940094,63.22608566,81.27340698
MKD,North Macedonia,Europe & Central Asia,2018,89.0940094,63.22608566,78.49462891
MKD,North Macedonia,Europe & Central Asia,2019,89.0940094,67.63153076,82.07884979
MLI,Mali,Sub-Saharan Africa,2014,49.95030212,0,2.564098597
MLI,Mali,Sub-Saharan Africa,2015,49.66450119,0,2.564098597
MLI,Mali,Sub-Saharan Africa,2016,49.37870026,0,0
MLI,Mali,Sub-Saharan Africa,2017,49.09289551,0,27.35042572
MLI,Mali,Sub-Saharan Africa,2018,49.09289551,0.477988362,9.465024948
MLI,Mali,Sub-Saharan Africa,2019,49.09289551,0.477988362,18.80341911
MLT,Malta,Europe & Central Asia,2014,98.22000885,83.19327545,75.17730713
MLT,Malta,Europe & Central Asia,2015,98.48916626,83.19327545,75.17730713
MLT,Malta,Europe & Central Asia,2016,98.75832367,83.19327545,92.67399597
MLT,Malta,Europe & Central Asia,2017,99.02747345,84.96240234,78.94737244
MLT,Malta,Europe & Central Asia,2018,99.02747345,85.72242737,96.4912262
MLT,Malta,Europe & Central Asia,2019,99.02747345,79.57288361,100
MMR,Myanmar,East Asia & Pacific,2014,54.11424637,38.77550888,53.70281982
MMR,Myanmar,East Asia & Pacific,2015,69.36592865,38.77550888,53.70281982
MMR,Myanmar,East Asia & Pacific,2016,84.61763,38.77550888,45.94509125
MMR,Myanmar,East Asia & Pacific,2017,99.8693161,34.79409027,35.06411362
MMR,Myanmar,East Asia & Pacific,2018,99.8693161,34.79409027,51.5678215
MMR,Myanmar,East Asia & Pacific,2019,99.8693161,45.28749847,53.73200226
MNE,Montenegro,Europe & Central Asia,2014,92.45227051,76.19047546,93.12715149
MNE,Montenegro,Europe & Central Asia,2015,94.0565033,76.19047546,93.12715149
MNE,Montenegro,Europe & Central Asia,2016,95.66074371,76.19047546,89.58332825
MNE,Montenegro,Europe & Central Asia,2017,97.26498413,67.41083527,82.63889313
MNE,Montenegro,Europe & Central Asia,2018,97.26498413,71.94861603,93.12715149
MNE,Montenegro,Europe & Central Asia,2019,97.26498413,71.94861603,100
MNG,Mongolia,East Asia & Pacific,2014,100,100,100
MNG,Mongolia,East Asia & Pacific,2015,100,100,100
MNG,Mongolia,East Asia & Pacific,2016,100,100,100
MNG,Mongolia,East Asia & Pacific,2017,100,100,100
MNG,Mongolia,East Asia & Pacific,2018,100,100,100
MNG,Mongolia,East Asia & Pacific,2019,100,100,100
MOZ,Mozambique,Sub-Saharan Africa,2014,58.24858093,31.4285717,35.67251587
MOZ,Mozambique,Sub-Saharan Africa,2015,58.24858093,31.4285717,35.67251587
MOZ,Mozambique,Sub-Saharan Africa,2016,58.24858093,31.4285717,33.54045868
MOZ,Mozambique,Sub-Saharan Africa,2017,58.24858093,31.95373154,33.54045868
MOZ,Mozambique,Sub-Saharan Africa,2018,58.24858093,35.21488953,18.46122932
MOZ,Mozambique,Sub-Saharan Africa,2019,58.24858093,38.58296585,43.62331772
MRT,Mauritania,Middle East & North Africa,2014,81.85823822,19.6428566,100
MRT,Mauritania,Middle East & North Africa,2015,71.85686493,19.6428566,100
MRT,Mauritania,Middle East & North Africa,2016,61.85549927,19.6428566,91.22806549
MRT,Mauritania,Middle East & North Africa,2017,51.85412598,21.21234894,67.13615417
MRT,Mauritania,Middle East & North Africa,2018,51.85412598,24.25170135,57.8059082
MRT,Mauritania,Middle East & North Africa,2019,51.85412598,24.25170135,90.47618866
MUS,Mauritius,Sub-Saharan Africa,2014,93.64383698,80.15872955,67.39130402
MUS,Mauritius,Sub-Saharan Africa,2015,93.40572357,80.15872955,67.39130402
MUS,Mauritius,Sub-Saharan Africa,2016,93.16759491,80.15872955,67.39130402
MUS,Mauritius,Sub-Saharan Africa,2017,92.92947388,74.41527557,65.90909576
MUS,Mauritius,Sub-Saharan Africa,2018,92.92947388,74.41527557,56.52173615
MUS,Mauritius,Sub-Saharan Africa,2019,92.92947388,74.41527557,52.89855194
MWI,Malawi,Sub-Saharan Africa,2014,55.72305298,13.26530457,18.36734581
MWI,Malawi,Sub-Saharan Africa,2015,62.14571762,13.26530457,18.36734581
MWI,Malawi,Sub-Saharan Africa,2016,68.56838989,13.26530457,44.44444275
MWI,Malawi,Sub-Saharan Africa,2017,74.99105835,17.84742928,40.47618866
MWI,Malawi,Sub-Saharan Africa,2018,74.99105835,15.04997921,56.7901268
MWI,Malawi,Sub-Saharan Africa,2019,74.99105835,20.72714996,54.02299118
MYS,Malaysia,East Asia & Pacific,2014,93.05167389,92.76673126,95.78059387
MYS,Malaysia,East Asia & Pacific,2015,92.95153046,92.76673126,95.78059387
MYS,Malaysia,East Asia & Pacific,2016,92.85139465,92.76673126,95.78059387
MYS,Malaysia,East Asia & Pacific,2017,92.75125122,92.76673126,85.66307831
MYS,Malaysia,East Asia & Pacific,2018,92.75125122,92.76673126,85.66307831
MYS,Malaysia,East Asia & Pacific,2019,92.75125122,90.84248352,81.48148346
NAM,Namibia,Sub-Saharan Africa,2014,91.64610291,90.14778137,100
NAM,Namibia,Sub-Saharan Africa,2015,94.46113586,90.14778137,100
NAM,Namibia,Sub-Saharan Africa,2016,97.27618408,90.14778137,100
NAM,Namibia,Sub-Saharan Africa,2017,100,85.54811096,100
NAM,Namibia,Sub-Saharan Africa,2018,100,85.54811096,100
NAM,Namibia,Sub-Saharan Africa,2019,100,85.54811096,100
NER,Niger,Sub-Saharan Africa,2014,38.62335587,0,0
NER,Niger,Sub-Saharan Africa,2015,41.38862228,0,0
NER,Niger,Sub-Saharan Africa,2016,44.15388489,0,27.27272797
NER,Niger,Sub-Saharan Africa,2017,46.91914749,0,0
NER,Niger,Sub-Saharan Africa,2018,46.91914749,0,0
NER,Niger,Sub-Saharan Africa,2019,46.91914749,0,0
NGA,Nigeria,Sub-Saharan Africa,2014,56.15032959,35.06493378,100
NGA,Nigeria,Sub-Saharan Africa,2015,52.42956924,35.06493378,100
NGA,Nigeria,Sub-Saharan Africa,2016,48.70881653,35.06493378,100
NGA,Nigeria,Sub-Saharan Africa,2017,44.98805618,45.42869568,85.80537415
NGA,Nigeria,Sub-Saharan Africa,2018,44.98805618,45.42869568,83.06006622
NGA,Nigeria,Sub-Saharan Africa,2019,44.98805618,45.42869568,77.31102753
NIC,Nicaragua,Latin America & Caribbean,2014,51.21657944,87.01298523,62.24745941
NIC,Nicaragua,Latin America & Caribbean,2015,54.29355621,87.01298523,62.24745941
NIC,Nicaragua,Latin America & Caribbean,2016,57.37052155,87.01298523,82.10839844
NIC,Nicaragua,Latin America & Caribbean,2017,60.44749451,83.84702301,62.6366806
NIC,Nicaragua,Latin America & Caribbean,2018,60.44749451,83.84702301,78.79994202
NIC,Nicaragua,Latin America & Caribbean,2019,60.44749451,89.01861572,44.84099197
NLD,Netherlands,Europe & Central Asia,2014,99.71369171,100,100
NLD,Netherlands,Europe & Central Asia,2015,99.96391296,100,100
NLD,Netherlands,Europe & Central Asia,2016,100,100,85.18518066
NLD,Netherlands,Europe & Central Asia,2017,100,100,81.88405609
NLD,Netherlands,Europe & Central Asia,2018,100,100,85.34798431
NLD,Netherlands,Europe & Central Asia,2019,100,100,89.58332825
NOR,Norway,Europe & Central Asia,2014,100,100,100
NOR,Norway,Europe & Central Asia,2015,100,100,100
NOR,Norway,Europe & Central Asia,2016,100,100,100
NOR,Norway,Europe & Central Asia,2017,100,100,96.63299561
NOR,Norway,Europe & Central Asia,2018,100,100,100
NOR,Norway,Europe & Central Asia,2019,100,100,100
NPL,Nepal,South Asia,2014,82.58237457,36.50793839,76.52581787
NPL,Nepal,South Asia,2015,81.83742523,36.50793839,76.52581787
NPL,Nepal,South Asia,2016,81.09247589,36.50793839,66.24472809
NPL,Nepal,South Asia,2017,80.34752655,30.499506,58.90410995
NPL,Nepal,South Asia,2018,80.34752655,33.69726563,71.88755035
NPL,Nepal,South Asia,2019,80.34752655,40.41256714,83.93574524
NZL,New Zealand,East Asia & Pacific,2014,99.24715424,100,100
NZL,New Zealand,East Asia & Pacific,2015,99.63500214,100,100
NZL,New Zealand,East Asia & Pacific,2016,100,100,100
NZL,New Zealand,East Asia & Pacific,2017,100,100,100
NZL,New Zealand,East Asia & Pacific,2018,100,100,100
NZL,New Zealand,East Asia & Pacific,2019,100,100,93.05555725
OMN,Oman,Middle East & North Africa,2014,58.448349,0,59.47690582
OMN,Oman,Middle East & North Africa,2015,62.70352554,0,67.07872009
OMN,Oman,Middle East & North Africa,2016,62.18375397,0,47.90174866
OMN,Oman,Middle East & North Africa,2017,71.53126526,2.857141733,53.26476288
OMN,Oman,Middle East & North Africa,2018,68.71635437,6.014535904,55.97826767
OMN,Oman,Middle East & North Africa,2019,66.53631592,10.70692062,53.42669678
PAK,Pakistan,South Asia,2014,9.871413231,0,0
PAK,Pakistan,South Asia,2015,8.778870583,0,0
PAK,Pakistan,South Asia,2016,7.686328888,0,0
PAK,Pakistan,South Asia,2017,6.59378767,0,0
PAK,Pakistan,South Asia,2018,6.59378767,0,0
PAK,Pakistan,South Asia,2019,6.59378767,0,0
PAN,Panama,Latin America & Caribbean,2014,83.32627106,100,100
PAN,Panama,Latin America & Caribbean,2015,82.34011841,100,100
PAN,Panama,Latin America & Caribbean,2016,81.35396576,100,88.09523773
PAN,Panama,Latin America & Caribbean,2017,80.36781311,98.2716217,100
PAN,Panama,Latin America & Caribbean,2018,80.36781311,98.2716217,95.61403656
PAN,Panama,Latin America & Caribbean,2019,80.36781311,100,100
PER,Peru,Latin America & Caribbean,2014,56.74271393,74.02597046,66.66667175
PER,Peru,Latin America & Caribbean,2015,58.48738098,74.02597046,66.66667175
PER,Peru,Latin America & Caribbean,2016,60.23203659,74.02597046,64.44444275
PER,Peru,Latin America & Caribbean,2017,61.97670746,75.61618805,63.85542297
PER,Peru,Latin America & Caribbean,2018,61.97670746,75.61618805,59.83935547
PER,Peru,Latin America & Caribbean,2019,61.97670746,80.47563171,56.34920502
PHL,Philippines,East Asia & Pacific,2014,100,100,97.07511139
PHL,Philippines,East Asia & Pacific,2015,100,100,97.07511139
PHL,Philippines,East Asia & Pacific,2016,100,100,100
PHL,Philippines,East Asia & Pacific,2017,100,100,100
PHL,Philippines,East Asia & Pacific,2018,100,100,85.08054352
PHL,Philippines,East Asia & Pacific,2019,100,100,100
PNG,Papua New Guinea,East Asia & Pacific,2014,70.20054626,52.38095093,76.98374176
PNG,Papua New Guinea,East Asia & Pacific,2015,66.45066833,52.38095093,64.2565918
PNG,Papua New Guinea,East Asia & Pacific,2016,63.38474655,52.38095093,56.13896942
PNG,Papua New Guinea,East Asia & Pacific,2017,66.31337738,49.47279739,77.0333252
PNG,Papua New Guinea,East Asia & Pacific,2018,61.21716309,49.47279739,73.42650604
PNG,Papua New Guinea,East Asia & Pacific,2019,67.52265167,53.41851807,85.90956879
POL,Poland,Europe & Central Asia,2014,85.49913025,100,100
POL,Poland,Europe & Central Asia,2015,91.51652527,100,100
POL,Poland,Europe & Central Asia,2016,97.53392792,100,82.07884979
POL,Poland,Europe & Central Asia,2017,100,100,92.59259033
POL,Poland,Europe & Central Asia,2018,100,100,100
POL,Poland,Europe & Central Asia,2019,100,100,100
PRT,Portugal,Europe & Central Asia,2014,96.40126801,100,86.25429535
PRT,Portugal,Europe & Central Asia,2015,96.10626984,100,86.25429535
PRT,Portugal,Europe & Central Asia,2016,95.81125641,100,75.94502258
PRT,Portugal,Europe & Central Asia,2017,95.51625824,100,69.07216644
PRT,Portugal,Europe & Central Asia,2018,95.51625824,100,79.38143921
PRT,Portugal,Europe & Central Asia,2019,95.51625824,100,79.16667175
PRY,Paraguay,Latin America & Caribbean,2014,88.16024017,82.14286041,100
PRY,Paraguay,Latin America & Caribbean,2015,88.16024017,82.14286041,100
PRY,Paraguay,Latin America & Caribbean,2016,88.16024017,82.14286041,87.80487823
PRY,Paraguay,Latin America & Caribbean,2017,88.16024017,97.78542328,84.12698364
PRY,Paraguay,Latin America & Caribbean,2018,88.16024017,97.78542328,100
PRY,Paraguay,Latin America & Caribbean,2019,88.16024017,97.78542328,96.16858673
QAT,Qatar,Middle East & North Africa,2014,55.02129745,0,56.70783997
QAT,Qatar,Middle East & North Africa,2015,61.28817368,0,60.37079239
QAT,Qatar,Middle East & North Africa,2016,53.5214119,0,55.56500626
QAT,Qatar,Middle East & North Africa,2017,51.18790436,1.242239118,59.63113785
QAT,Qatar,Middle East & North Africa,2018,56.25741959,3.100337267,62.12168503
QAT,Qatar,Middle East & North Africa,2019,58.78313828,7.153461933,85.52359009
ROU,Romania,Europe & Central Asia,2014,85.10020447,96.89440918,92.33716583
ROU,Romania,Europe & Central Asia,2015,84.55284882,96.89440918,92.33716583
ROU,Romania,Europe & Central Asia,2016,84.00548553,96.89440918,85.01872253
ROU,Romania,Europe & Central Asia,2017,83.45812988,87.72801971,88.76404572
ROU,Romania,Europe & Central Asia,2018,83.45812988,87.72801971,100
ROU,Romania,Europe & Central Asia,2019,83.45812988,93.05802917,85.81560516
RUS,Russian Federation,Europe & Central Asia,2014,100,83.92856598,96.4912262
RUS,Russian Federation,Europe & Central Asia,2015,100,83.92856598,96.4912262
RUS,Russian Federation,Europe & Central Asia,2016,100,98.12030029,100
RUS,Russian Federation,Europe & Central Asia,2017,100,92.67399597,100
RUS,Russian Federation,Europe & Central Asia,2018,100,92.57884979,96.52777863
RUS,Russian Federation,Europe & Central Asia,2019,100,94.50548553,100
RWA,Rwanda,Sub-Saharan Africa,2014,67.21028137,23.07691956,19.75308418
RWA,Rwanda,Sub-Saharan Africa,2015,70.58229065,23.07691956,19.75308418
RWA,Rwanda,Sub-Saharan Africa,2016,73.95430756,23.07691956,12.56831169
RWA,Rwanda,Sub-Saharan Africa,2017,77.32632446,19.59275436,32.09876633
RWA,Rwanda,Sub-Saharan Africa,2018,77.32632446,22.50552368,33.33333206
RWA,Rwanda,Sub-Saharan Africa,2019,77.32632446,19.59275436,7.103827
SAU,Saudi Arabia,Middle East & North Africa,2014,77.94380951,0,93.26599121
SAU,Saudi Arabia,Middle East & North Africa,2015,74.44657898,0,93.26599121
SAU,Saudi Arabia,Middle East & North Africa,2016,70.94933319,0,86.11110687
SAU,Saudi Arabia,Middle East & North Africa,2017,67.45210266,12.69841385,96.66666412
SAU,Saudi Arabia,Middle East & North Africa,2018,67.45210266,16.06134224,90
SAU,Saudi Arabia,Middle East & North Africa,2019,67.45210266,25.20722961,93.33333588
SDN,Sudan,Middle East & North Africa,2014,40.65587997,50,70.42168427
SDN,Sudan,Middle East & North Africa,2015,40.65587997,50,84.71643829
SDN,Sudan,Middle East & North Africa,2016,40.65587997,50,62.90857315
SDN,Sudan,Middle East & North Africa,2017,40.65587997,50,67.42451477
SDN,Sudan,Middle East & North Africa,2018,40.65587997,50,53.44805908
SDN,Sudan,Middle East & North Africa,2019,40.65587997,50,66.74476624
SEN,Senegal,Sub-Saharan Africa,2014,49.84946442,30.35713959,50.98038864
SEN,Senegal,Sub-Saharan Africa,2015,59.64754105,30.35713959,50.98038864
SEN,Senegal,Sub-Saharan Africa,2016,69.44561005,30.35713959,58.84773636
SEN,Senegal,Sub-Saharan Africa,2017,79.24368286,26.77667427,100
SEN,Senegal,Sub-Saharan Africa,2018,79.24368286,29.88532829,83.09259033
SEN,Senegal,Sub-Saharan Africa,2019,79.24368286,26.77667427,88.31958771
SGP,Singapore,East Asia & Pacific,2014,99.30672455,80.51947784,96.52777863
SGP,Singapore,East Asia & Pacific,2015,98.21723175,80.51947784,96.52777863
SGP,Singapore,East Asia & Pacific,2016,97.12772369,80.51947784,79.38143921
SGP,Singapore,East Asia & Pacific,2017,96.0382309,82.85714722,89.47368622
SGP,Singapore,East Asia & Pacific,2018,96.0382309,93.79489136,96.52777863
SGP,Singapore,East Asia & Pacific,2019,96.0382309,93.79489136,100
SLB,Solomon Islands,East Asia & Pacific,2014,72.29654694,67.03296661,90.1261673
SLB,Solomon Islands,East Asia & Pacific,2015,70.88101959,67.03296661,65.13080597
SLB,Solomon Islands,East Asia & Pacific,2016,75.68199921,67.03296661,75.63630676
SLB,Solomon Islands,East Asia & Pacific,2017,68.52733612,74.25991058,91.50979614
SLB,Solomon Islands,East Asia & Pacific,2018,70.15379333,74.25991058,81.73335266
SLB,Solomon Islands,East Asia & Pacific,2019,72.43998718,74.25991058,97.33358765
SLE,Sierra Leone,Sub-Saharan Africa,2014,60.18066406,28.57143021,29.4871769
SLE,Sierra Leone,Sub-Saharan Africa,2015,58.60956955,28.57143021,29.4871769
SLE,Sierra Leone,Sub-Saharan Africa,2016,57.03846741,28.57143021,16.66666794
SLE,Sierra Leone,Sub-Saharan Africa,2017,55.46738052,38.10861588,39.99999619
SLE,Sierra Leone,Sub-Saharan Africa,2018,55.46738052,41.63807297,42.30768967
SLE,Sierra Leone,Sub-Saharan Africa,2019,55.46738052,45.28325272,13.58024883
SLV,El Salvador,Latin America & Caribbean,2014,72.1107254,91.59664154,78.07017517
SLV,El Salvador,Latin America & Caribbean,2015,67.68730927,91.59664154,78.07017517
SLV,El Salvador,Latin America & Caribbean,2016,63.2638855,91.59664154,70.83332825
SLV,El Salvador,Latin America & Caribbean,2017,58.84047318,73.18402863,62.02531433
SLV,El Salvador,Latin America & Caribbean,2018,58.84047318,73.18402863,63.4146347
SLV,El Salvador,Latin America & Caribbean,2019,58.84047318,73.18402863,63.85542297
SRB,Serbia,Europe & Central Asia,2014,99.63213348,84.12698364,100
SRB,Serbia,Europe & Central Asia,2015,98.28102875,84.12698364,100
SRB,Serbia,Europe & Central Asia,2016,96.92993164,84.12698364,100
SRB,Serbia,Europe & Central Asia,2017,95.57883453,79.82697296,96.25468445
SRB,Serbia,Europe & Central Asia,2018,95.57883453,79.82697296,77.77777863
SRB,Serbia,Europe & Central Asia,2019,95.57883453,84.83857727,78.49462891
SSD,South Sudan,Sub-Saharan Africa,2014,26.93820572,36.5079422,0
SSD,South Sudan,Sub-Saharan Africa,2015,26.93820572,36.5079422,0
SSD,South Sudan,Sub-Saharan Africa,2016,26.93820572,76.19047546,56.98924637
SSD,South Sudan,Sub-Saharan Africa,2017,26.93820572,0,3.225809336
SSD,South Sudan,Sub-Saharan Africa,2018,26.93820572,0,3.225809336
SSD,South Sudan,Sub-Saharan Africa,2019,26.93820572,0,3.225809336
SUR,Suriname,Latin America & Caribbean,2014,84.79095459,100,100
SUR,Suriname,Latin America & Caribbean,2015,91.03961182,100,100
SUR,Suriname,Latin America & Caribbean,2016,85.03075409,100,95.55066681
SUR,Suriname,Latin America & Caribbean,2017,88.73436737,91.30658722,84.10716248
SUR,Suriname,Latin America & Caribbean,2018,89.48246765,91.30658722,90.35408783
SUR,Suriname,Latin America & Caribbean,2019,91.6506424,86.0411377,70.50714111
SVK,Slovakia,Europe & Central Asia,2014,100,100,100
SVK,Slovakia,Europe & Central Asia,2015,100,100,100
SVK,Slovakia,Europe & Central Asia,2016,100,100,82.07884979
SVK,Slovakia,Europe & Central Asia,2017,96.99724579,100,86.11110687
SVK,Slovakia,Europe & Central Asia,2018,96.99724579,100,93.05555725
SVK,Slovakia,Europe & Central Asia,2019,96.99724579,100,100
SVN,Slovenia,Europe & Central Asia,2014,99.33965302,96.89440918,75.69445038
SVN,Slovenia,Europe & Central Asia,2015,99.07584381,96.89440918,75.69445038
SVN,Slovenia,Europe & Central Asia,2016,98.81203461,96.89440918,86.11110687
SVN,Slovenia,Europe & Central Asia,2017,98.54821777,91.75823975,76.19047546
SVN,Slovenia,Europe & Central Asia,2018,98.54821777,92.05577087,89.6907196
SVN,Slovenia,Europe & Central Asia,2019,98.54821777,94.78276062,93.26599121
SWE,Sweden,Europe & Central Asia,2014,100,100,93.19728088
SWE,Sweden,Europe & Central Asia,2015,100,100,93.19728088
SWE,Sweden,Europe & Central Asia,2016,100,100,100
SWE,Sweden,Europe & Central Asia,2017,100,100,96.4912262
SWE,Sweden,Europe & Central Asia,2018,100,100,100
SWE,Sweden,Europe & Central Asia,2019,100,100,100
SWZ,Eswatini,Sub-Saharan Africa,2014,68.00279236,55.84415817,88.23529816
SWZ,Eswatini,Sub-Saharan Africa,2015,73.16760254,55.84415817,88.23529816
SWZ,Eswatini,Sub-Saharan Africa,2016,65.6326828,55.84415817,88.23529816
SWZ,Eswatini,Sub-Saharan Africa,2017,80.1436615,60.52603912,88.23529816
SWZ,Eswatini,Sub-Saharan Africa,2018,71.84008026,60.52603912,88.23529816
SWZ,Eswatini,Sub-Saharan Africa,2019,74.35848236,64.78048706,96.21212006
TCD,Chad,Sub-Saharan Africa,2014,35.343647,1.70E-06,0
TCD,Chad,Sub-Saharan Africa,2015,37.81370544,1.70E-06,0
TCD,Chad,Sub-Saharan Africa,2016,40.2837677,0,0
TCD,Chad,Sub-Saharan Africa,2017,42.75382614,0,0
TCD,Chad,Sub-Saharan Africa,2018,42.75382614,40.47618866,0
TCD,Chad,Sub-Saharan Africa,2019,42.75382614,8.163266182,0
TGO,Togo,Sub-Saharan Africa,2014,65.20406342,4.761901855,18.03278542
TGO,Togo,Sub-Saharan Africa,2015,65.42079163,4.761901855,18.03278542
TGO,Togo,Sub-Saharan Africa,2016,65.63751984,4.761901855,62.4413147
TGO,Togo,Sub-Saharan Africa,2017,65.85426331,8.971693039,22.3744278
TGO,Togo,Sub-Saharan Africa,2018,65.85426331,11.63779163,27.92792702
TGO,Togo,Sub-Saharan Africa,2019,65.85426331,11.63779163,28.88888741
THA,Thailand,East Asia & Pacific,2014,91.62948608,93.50649261,100
THA,Thailand,East Asia & Pacific,2015,92.59396362,93.50649261,100
THA,Thailand,East Asia & Pacific,2016,93.55843353,93.50649261,100
THA,Thailand,East Asia & Pacific,2017,94.52289581,84.14176941,97.09843445
THA,Thailand,East Asia & Pacific,2018,94.52289581,84.14176941,100
THA,Thailand,East Asia & Pacific,2019,94.52289581,94.72061157,96.86161804
TJK,Tajikistan,Europe & Central Asia,2014,59.47644806,39.20972824,73.78276825
TJK,Tajikistan,Europe & Central Asia,2015,65.51300049,39.20972824,73.78276825
TJK,Tajikistan,Europe & Central Asia,2016,71.54954529,35.96059036,60.31746292
TJK,Tajikistan,Europe & Central Asia,2017,77.58609772,41.9642868,40.17093658
TJK,Tajikistan,Europe & Central Asia,2018,77.58609772,21.05262566,37.98449707
TJK,Tajikistan,Europe & Central Asia,2019,77.58609772,21.76870918,32.58427048
TLS,Timor-Leste,East Asia & Pacific,2014,64.9274826,42.8571434,67.56389618
TLS,Timor-Leste,East Asia & Pacific,2015,75.11881256,42.8571434,72.2101593
TLS,Timor-Leste,East Asia & Pacific,2016,67.64176941,42.8571434,42.02483749
TLS,Timor-Leste,East Asia & Pacific,2017,75.3976059,46.48766708,67.34364319
TLS,Timor-Leste,East Asia & Pacific,2018,73.26325226,54.32493591,51.45176697
TLS,Timor-Leste,East Asia & Pacific,2019,76.0153656,58.44281769,80.66213989
TON,Tonga,East Asia & Pacific,2014,96.13784027,100,100
TON,Tonga,East Asia & Pacific,2015,98.6050415,100,100
TON,Tonga,East Asia & Pacific,2016,100,100,86.68157196
TON,Tonga,East Asia & Pacific,2017,100,100,83.06973267
TON,Tonga,East Asia & Pacific,2018,96.36579132,100,99.43462372
TON,Tonga,East Asia & Pacific,2019,100,100,77.98914337
TTO,Trinidad and Tobago,Latin America & Caribbean,2014,80.57694244,100,85.66307831
TTO,Trinidad and Tobago,Latin America & Caribbean,2015,80.57694244,100,85.66307831
TTO,Trinidad and Tobago,Latin America & Caribbean,2016,80.57694244,100,85.66307831
TTO,Trinidad and Tobago,Latin America & Caribbean,2017,80.57694244,100,85.66307831
TTO,Trinidad and Tobago,Latin America & Caribbean,2018,80.57694244,100,85.66307831
TTO,Trinidad and Tobago,Latin America & Caribbean,2019,80.57694244,100,85.66307831
TUN,Tunisia,Middle East & North Africa,2014,53.64126587,64.2857132,74.35897827
TUN,Tunisia,Middle East & North Africa,2015,54.25801086,64.2857132,74.35897827
TUN,Tunisia,Middle East & North Africa,2016,54.87474823,64.2857132,96.21212006
TUN,Tunisia,Middle East & North Africa,2017,55.49148941,59.33200836,69.29824066
TUN,Tunisia,Middle East & North Africa,2018,55.49148941,59.33200836,68.62745667
TUN,Tunisia,Middle East & North Africa,2019,55.49148941,63.57574463,71.88755035
TUR,Turkey,Middle East & North Africa,2014,58.1454277,38.77550888,53.90070724
TUR,Turkey,Middle East & North Africa,2015,58.58758545,38.77550888,53.90070724
TUR,Turkey,Middle East & North Africa,2016,59.02973557,38.77550888,53.90070724
TUR,Turkey,Middle East & North Africa,2017,59.47189331,32.25857544,89.36170197
TUR,Turkey,Middle East & North Africa,2018,59.47189331,32.25857544,100
TUR,Turkey,Middle East & North Africa,2019,59.47189331,29.04850578,85.66307831
TZA,Tanzania,Sub-Saharan Africa,2014,71.34187317,24.1071434,61.12214279
TZA,Tanzania,Sub-Saharan Africa,2015,73.77059174,24.1071434,61.12214279
TZA,Tanzania,Sub-Saharan Africa,2016,76.19931793,24.1071434,64.48733521
TZA,Tanzania,Sub-Saharan Africa,2017,78.6280365,35.99413681,70.24610901
TZA,Tanzania,Sub-Saharan Africa,2018,78.6280365,35.99413681,62.90055466
TZA,Tanzania,Sub-Saharan Africa,2019,78.6280365,35.99413681,64.40937805
UGA,Uganda,Sub-Saharan Africa,2014,64.80609894,32.1428566,59.59595871
UGA,Uganda,Sub-Saharan Africa,2015,68.63259125,32.1428566,59.59595871
UGA,Uganda,Sub-Saharan Africa,2016,72.4590683,32.1428566,28.88888741
UGA,Uganda,Sub-Saharan Africa,2017,76.28556824,40.82711792,30.33456802
UGA,Uganda,Sub-Saharan Africa,2018,76.28556824,44.43731308,45.21803665
UGA,Uganda,Sub-Saharan Africa,2019,76.28556824,48.16784286,42.71641922
UKR,Ukraine,Europe & Central Asia,2014,94.94001007,100,92.83154297
UKR,Ukraine,Europe & Central Asia,2015,94.39919281,100,92.83154297
UKR,Ukraine,Europe & Central Asia,2016,93.85838318,100,100
UKR,Ukraine,Europe & Central Asia,2017,93.31757355,100,96.29629517
UKR,Ukraine,Europe & Central Asia,2018,93.31757355,100,100
UKR,Ukraine,Europe & Central Asia,2019,93.31757355,100,100
URY,Uruguay,Latin America & Caribbean,2014,78.45304871,100,100
URY,Uruguay,Latin America & Caribbean,2015,81.60377502,100,100
URY,Uruguay,Latin America & Caribbean,2016,84.75449371,100,100
URY,Uruguay,Latin America & Caribbean,2017,87.90522003,100,96.3768158
URY,Uruguay,Latin America & Caribbean,2018,87.90522003,100,100
URY,Uruguay,Latin America & Caribbean,2019,87.90522003,100,100
USA,United States of America,North America,2014,100,100,85.96491241
USA,United States of America,North America,2015,100,100,85.96491241
USA,United States of America,North America,2016,100,100,92.98245239
USA,United States of America,North America,2017,98.89268494,100,100
USA,United States of America,North America,2018,98.89268494,100,96.4912262
USA,United States of America,North America,2019,98.89268494,100,89.6907196
UZB,Uzbekistan,Europe & Central Asia,2014,92.06438446,38.7755127,47.56554031
UZB,Uzbekistan,Europe & Central Asia,2015,92.30034637,38.7755127,47.56554031
UZB,Uzbekistan,Europe & Central Asia,2016,92.53630829,61.03896332,42.5287323
UZB,Uzbekistan,Europe & Central Asia,2017,92.7722702,39.2857132,29.41176224
UZB,Uzbekistan,Europe & Central Asia,2018,92.7722702,62.73291779,14.81481075
UZB,Uzbekistan,Europe & Central Asia,2019,92.7722702,78.43665314,46.96969604
VCT,Saint Vincent and the Grenadines,Latin America & Caribbean,2014,90.12229156,100,90.71546173
VCT,Saint Vincent and the Grenadines,Latin America & Caribbean,2015,86.64826202,100,84.58178711
VCT,Saint Vincent and the Grenadines,Latin America & Caribbean,2016,94.02532959,100,99.81681061
VCT,Saint Vincent and the Grenadines,Latin America & Caribbean,2017,93.64938354,100,93.20889282
VCT,Saint Vincent and the Grenadines,Latin America & Caribbean,2018,93.42554474,100,96.56064606
VCT,Saint Vincent and the Grenadines,Latin America & Caribbean,2019,86.19940186,100,100
VEN,Venezuela,Latin America & Caribbean,2014,84.9421463,100,100
VEN,Venezuela,Latin America & Caribbean,2015,86.28869629,100,100
VEN,Venezuela,Latin America & Caribbean,2016,87.63524628,100,100
VEN,Venezuela,Latin America & Caribbean,2017,88.98179626,100,57.8059082
VEN,Venezuela,Latin America & Caribbean,2018,88.98179626,100,100
VEN,Venezuela,Latin America & Caribbean,2019,88.98179626,100,100
VNM,Vietnam,East Asia & Pacific,2014,100,87.57764435,96.01295471
VNM,Vietnam,East Asia & Pacific,2015,100,87.57764435,96.01295471
VNM,Vietnam,East Asia & Pacific,2016,100,87.57764435,94.91624451
VNM,Vietnam,East Asia & Pacific,2017,97.0503006,76.05712128,89.02417755
VNM,Vietnam,East Asia & Pacific,2018,97.0503006,76.05712128,71.68396759
VNM,Vietnam,East Asia & Pacific,2019,97.0503006,85.97904968,98.32418823
VUT,Vanuatu,East Asia & Pacific,2014,80.83320618,87.01298523,81.31642151
VUT,Vanuatu,East Asia & Pacific,2015,77.77101135,87.01298523,86.95097351
VUT,Vanuatu,East Asia & Pacific,2016,78.62013245,87.01298523,85.19356537
VUT,Vanuatu,East Asia & Pacific,2017,77.65146637,76.50769806,90.10253906
VUT,Vanuatu,East Asia & Pacific,2018,74.6888504,76.50769806,82.15198517
VUT,Vanuatu,East Asia & Pacific,2019,78.28704834,86.48803711,99.95028687
WSM,Samoa,East Asia & Pacific,2014,93.64904785,100,100
WSM,Samoa,East Asia & Pacific,2015,94.98674011,100,94.31970215
WSM,Samoa,East Asia & Pacific,2016,92.42045593,100,89.08071136
WSM,Samoa,East Asia & Pacific,2017,100,100,88.26070404
WSM,Samoa,East Asia & Pacific,2018,86.95540619,100,86.85769653
WSM,Samoa,East Asia & Pacific,2019,92.56589508,100,100
YEM,Yemen,Middle East & North Africa,2014,3.25E-15,0,0
YEM,Yemen,Middle East & North Africa,2015,3.25E-15,0,0
YEM,Yemen,Middle East & North Africa,2016,3.25E-15,0,0
YEM,Yemen,Middle East & North Africa,2017,3.25E-15,0,0
YEM,Yemen,Middle East & North Africa,2018,3.25E-15,0,0
YEM,Yemen,Middle East & North Africa,2019,3.25E-15,0,0
ZAF,South Africa,Sub-Saharan Africa,2014,100,100,69.96418762
ZAF,South Africa,Sub-Saharan Africa,2015,100,100,69.96418762
ZAF,South Africa,Sub-Saharan Africa,2016,100,100,100
ZAF,South Africa,Sub-Saharan Africa,2017,100,96.33447266,99.45143127
ZAF,South Africa,Sub-Saharan Africa,2018,100,90.87598419,86.87184906
ZAF,South Africa,Sub-Saharan Africa,2019,100,96.33447266,78.27258301
ZMB,Zambia,Sub-Saharan Africa,2014,84.98040009,41.9642868,55.55555344
ZMB,Zambia,Sub-Saharan Africa,2015,81.36818695,41.9642868,55.55555344
ZMB,Zambia,Sub-Saharan Africa,2016,77.75597382,41.9642868,50.98038864
ZMB,Zambia,Sub-Saharan Africa,2017,74.14376068,47.85707474,50.98038864
ZMB,Zambia,Sub-Saharan Africa,2018,74.14376068,51.70090103,84.375
ZMB,Zambia,Sub-Saharan Africa,2019,74.14376068,59.79315567,53.70370102
ZWE,Zimbabwe,Sub-Saharan Africa,2014,77.26681519,44.44444656,68.88889313
ZWE,Zimbabwe,Sub-Saharan Africa,2015,79.85640717,44.44444656,68.88889313
ZWE,Zimbabwe,Sub-Saharan Africa,2016,82.44599915,44.44444656,95.88477325
ZWE,Zimbabwe,Sub-Saharan Africa,2017,85.03560638,38.78038788,91.66667175
ZWE,Zimbabwe,Sub-Saharan Africa,2018,85.03560638,38.78038788,100
ZWE,Zimbabwe,Sub-Saharan Africa,2019,85.03560638,45.8762207,100
