Region,Country,City,IXP Name,Participants,Peak,Avg,IPv6,Prefixes,Established,URL
Asia-Pacific,Afghanistan,Kabul,National Internet Exchange of Afghanistan,20,920M,2.19G,,485,Jul-18,
Europe,Albania,Tirana,Albanian Neutral Internet eXchange,20,6.1G,35M,,143303,2018,
,Albania,Tirana,Albania IX,0,,,,,2011,
Africa,Algeria,Algiers,Algeria Internet Exchange,0,,,,,,
,Angola,Luanda,AngolaIXP -- Angola Internet Exchange Point,21,3.41G,,,692,17-Mar-06,
,Angola,Luanda,Ponto de Intercambio Internet Angola,0,,,,,,
,Angola,Luanda,ANGONIX,21,11.7G,,,22723,9-Mar-15,
Latin America,Argentina,Bahía Blanca,CABASE IXP Bahía Blanca,15,713M,,,,27-Apr-13,
,Argentina,Bariloche,CABASE IXP Bariloche,8,,,,,15-Sep-14,
,Argentina,Buenos Aires,CABASE IXP Buenos Aires,125,9.19G,,,17224,1-Apr-98,
,Argentina,Buenos Aires,Cubecorp,0,,,,,,
,Argentina,Buenos Aires,CABASE IXP Ruteo Central,0,,,,49626,,
,Argentina,Buenos Aires,CABASE IXP Oeste de Gran Buenos Aires,7,,,,,5-Jul-16,
,Argentina,Buenos Aires,NAP CABASE La Matanza,0,,,,,,
,Argentina,Concepcion del Uruguay,CABASE IXP Concepcion del Uruguay,4,,,,,,
,Argentina,Corrientes,NAP CABASE Corrientes,0,,,,,,
,Argentina,Córdoba,CABASE IXP Córdoba,30,175M,,,12696,24-Apr-12,
,Argentina,De La Costa,CABASE IXP De la Costa,10,919M,,,,29-Nov-11,
,Argentina,Junin,CABASE IXP Junin,8,,,,,27-Mar-15,
,Argentina,La Plata,CABASE IXP La Plata,17,85M,,,,6-Jun-12,
,Argentina,Mar del Plata,CABASE IXP Mar del Plata,16,968M,,,1,7-Nov-12,
,Argentina,Mendoza,CABASE IXP Mendoza,21,2.16G,,,,20-Oct-11,
,Argentina,Neuquén,CABASE IXP Neuquén,21,2.21G,,,22113,10-May-10,
,Argentina,Paraná,NAP CABASE Paraná,0,,,,,,
,Argentina,Pergamino,CABASE IXP Pergamino,8,,,,,25-Nov-15,
,Argentina,Pilar,CABASE IXP Norte de Gran Buenos Aires,13,,,,,19-Apr-16,
,Argentina,Posadas,CABASE IXP Posadas,14,627M,,,24823,28-Nov-13,
,Argentina,Puerto Madryn,CABASE IXP Puerto Madryn,9,,,,,30-Oct-14,
,Argentina,Resistencia,CABASE IXP Resistencia,12,,,,,17-Feb-17,
,Argentina,Rio Gallegos,CABASE IXP RIO GALLEGOS,3,,,,,15-Nov-16,
,Argentina,Rosario,CABASE IXP Rosario,21,2.29G,,,24853,31-Mar-11,
,Argentina,Saenz Peña,CABASE IXP Saenz Peña,13,,,,,26-Apr-16,
,Argentina,Salta,CABASE IXP SALTA,10,,,,,26-Jun-16,
,Argentina,San Juan,CABASE IXP SAN JUAN,8,,,,,26-Apr-17,
,Argentina,San Luis,CABASE IXP San Luis,7,,,,,14-Oct-14,
,Argentina,San Salvador de Jujuy,CABASE IXP Jujuy,7,,,,,22-Mar-16,
,Argentina,Santa Fe,CABASE IXP Santa Fe,7,122M,,,,22-Nov-11,
,Argentina,Tandil,CABASE IXP TANDIL,8,,,,,29-Dec-16,
,Argentina,Tucuman,CABASE IXP Tucuman,3,,,,,24-Nov-15,
,Argentina,Viedma,CABASE IXP VIEDMA,8,,,,,30-Mar-16,
Europe,Armenia,Yerevan,Armenian Internet Traffic Exchange,8,20G,,,24189,2010,
Asia-Pacific,Australia,Adelaide,PIPE Networks Adelaide,13,,,,,2003,
,Australia,Adelaide,South Australian Internet Exchange,0,,,,,Jul-96,
,Australia,Adelaide,IX Australia (Adelaide SA),51,24.3G,5.91G,,,27-Feb-13,
,Australia,Adelaide,EdgeIX - Adelaide,27,5.54G,3.42G,,,2019,
,Australia,Adelaide,Just Another Internet Exchange,0,,,,,,
,Australia,Brisbane,PIPE Networks Brisbane,36,,,,,May-02,
,Australia,Brisbane,AusBONE-Brisbane Internet Exchange,0,,,,,Oct-97,
,Australia,Brisbane,IX Australia (Brisbane QLD),87,87.6G,17.3G,,,2011,
,Australia,Brisbane,Megaport IX Brisbane,111,14G,8.59G,,56585,Sep-13,
,Australia,Brisbane,Connected IX - Australia,0,,,,,,
,Australia,Canberra,IX Australia ACT,7,1G,,,,1-Oct-08,
,Australia,Canberra,PIPE Networks Canberra,0,,,,,Jun-04,
,Australia,Canberra,TransACT IX,0,,,,,,
,Australia,Darwin,EdgeIX - Darwin,6,8.02M,2.63M,,,2019,
,Australia,Hobart,PIPE Networks Hobart,1,,,,,Aug-03,
,Australia,Hobart,Tasmanian Internet Exchange,0,,,,,,
,Australia,Hobart,EdgeIX - Hobart,7,104M,51.8M,,,2019,
,Australia,Lismore,lismore internet exchange,0,,,,,,
,Australia,Melbourne,IX Australia (Melbourne VIC),114,144G,51.4G,,,2011,
,Australia,Melbourne,AUSIX,7,20M,,,,Jul-01,
,Australia,Melbourne,PIPE Networks Melbourne,32,,,,,Jul-03,
,Australia,Melbourne,AusBONE-Melbourne Internet Exchange,0,,,,,1997,
,Australia,Melbourne,Melbourne NAPette,0,,,,,Apr-99,
,Australia,Melbourne,AUSIX.net,0,,,,,2002,
,Australia,Melbourne,EdgeIX Melbourne,42,43.4G,26.1G,,,,
,Australia,Melbourne,Megaport IX Melbourne,153,36G,23.3G,,375936,Sep-13,
,Australia,Melbourne,Equinix Melbourne,0,,,,,,
,Australia,Perth,IX Australia (Perth WA),101,87.3G,29.4G,,411177,1997,
,Australia,Perth,EdgeIX Perth,57,29.2G,16.4G,,,,
,Australia,Perth,Megaport IX Perth,56,11G,6G,,345628,2013,
,Australia,Perth,Equinix Perth,3,,,,,,
,Australia,Sydney,Equinix Sydney,177,,,,511484,2003,
,Australia,Sydney,PIPE Networks Sydney,92,,,,,2003,
,Australia,Sydney,AusBONE-Sydney Internet Exchange,0,,,,,Oct-97,
,Australia,Sydney,Pihana Sydney,0,,,,,,
,Australia,Sydney,IX Australia (Sydney NSW),239,353G,70.3G,,438823,2013,
,Australia,Sydney,EdgeIX Sydney,90,189G,113G,,,,
,Australia,Sydney,Megaport IX Sydney,305,148G,,,410000,Sep-13,
,Australia,Sydney,Pacific-IX,0,,,,,16-Feb-11,
Europe,Austria,Graz,Grazer Internet Exchange,14,36.4M,,,,4-Mar-10,
,Austria,Innsbruck,Tirol-IX,17,,,,,,
,Austria,Klagenfurt,Alpes Adria Internet Exchange,8,150M,,,1875,2010,
,Austria,Salzburg,Salzburg Internet eXchange,31,,,,1800,15-May-15,
,Austria,Vienna,Vienna Internet Exchange,149,1.06T,479G,3.69%,145453,Apr-96,
,Austria,Vienna,Community-IX Vienna,3,,,,,,
,Azerbaijan,Baku,Azerbaijan Internet exchange,0,,,,,2013,
Latin America,Bahamas,Nassau,Ninja-IX Bahamas-IX,0,,,,,,
Europe,Bahrain,Manama,Gateway Gulf Internet Exchange Bahrain,0,,,,24,1-Apr-09,
,Bahrain,Manama,Bahrain Internet Exchange,0,,,,,13-Aug-03,
,Bahrain,Manama,Manama-IX,16,342G,173G,,,,
Asia-Pacific,Bangladesh,Dhaka,Bangladesh Internet Exchange,79,129G,50.7G,,4640,26-Aug-04,
,Bangladesh,Dhaka,Bangladesh Society of Internet Exchange,0,,,,,May-04,
,Bangladesh,Dhaka,AIX-BD,10,,,,,,
,Bangladesh,Dhaka,Bangladesh Internet Service Provider Internet Exchange Trust,0,,,,,,
,Bangladesh,Dhaka,NOVOCOM NIX,0,,,,,,
,Bangladesh,Noakhali,Noakhali Internet Exchange,3,,,,,2019,
Latin America,Barbados,Bridgetown,Barbados Internet Exchange,0,,,,,,
Europe,Belarus,Minsk,Belarus National Internet Exchange Point,3,,,,,2020,
,Belgium,Brussels,Belgian National Internet Exchange,61,260G,,,,1995,
,Belgium,Brussels,Free Belgian Internet Exchange,0,,,,,4-Sep-03,
,Belgium,Brussels,Belgium Internet Exchange,10,,,,,2019,
Latin America,Belize,Belize City,Belize Internet Exchange Point,9,44.4M,44.3M,,86,27-Apr-16,
Africa,Benin,Cotonou,Benin IX,6,967M,621M,,131,Dec-13,
Asia-Pacific,Bhutan,Thimphu,Bhutan Internet Exchange,14,3.61G,1.89G,,2485,7-Dec-17,
Latin America,Bolivia,La Paz,Punto de Intercambio de Trafico de Bolivia,10,14.7G,9.06G,,,13-Nov-13,
,Bolivia,La Paz,IXP MegaLink,6,1M,,,256,1-Nov-13,
,Bolivia,Santa Cruz de la Sierra,IX de Bolivia,0,,,,,2012,
Europe,Bosnia and Herzegovina,Sarajevo,Bosnia and Herzegovina Neutral Internet Exhacange,4,5.34G,2.81G,,,2018,
Africa,Botswana,Gaborone,Botswana Internet Exchange,14,1G,,,277,Oct-05,
Latin America,Brazil,,LNCC,0,,,,,,
,Brazil,Americana,Ponto de Troca de Trafego do Americana,0,,,,,20-Dec-10,
,Brazil,Aracaju,Ponto de Troca de Trafego do Aracaju,40,6.89G,150M,,,May-17,
,Brazil,Belo Horizonte,Ponto de Troca de Tráfego do Belo Horizonte,109,27.7G,10.7G,,,Jan-10,
,Brazil,Belém,Ponto de Troca de Trafego do Belém,42,9.81G,7.78G,,,Jun-11,
,Brazil,Blumenau,FURB Internet Exchange,3,1.86G,700M,,,1-Sep-18,
,Brazil,Brasília,Ponto de Troca de Tráfego do Brasília,112,125G,30.6G,,,2009,
,Brazil,Campina Grande,Ponto de Troca de Trafego do Campina Grande,78,15.4G,11.3G,,,28-Sep-10,
,Brazil,Campinas,Ponto de Troca de Trafego do Campinas,54,23.8G,73.4G,,,30-Nov-09,
,Brazil,Cascavel,IX.br (PTT.br) Cascavel,0,,,,,,
,Brazil,Caxias do Sul,Ponto de Troca de Trafego do Caxias do Sul,10,4.75G,391M,,,Jun-13,
,Brazil,Cuiabá,Ponto de Troca de Tráfego do Cuiabá,27,5.11G,226M,,,Jul-14,
,Brazil,Curitiba,Ponto de Troca de Trafego do Curitiba,166,216G,107G,,,2007,
,Brazil,Florianópolis,Ponto de Troca de Tráfego do Florianópolis,92,49.8G,6.04G,,,2008,
,Brazil,Fortaleza,Ponto de Troca de Trafego do Fortaleza,474,1.77T,388G,,,1-Oct-08,
,Brazil,Foz do Iguaçu,Ponto de Troca de Trafego do Foz do Iguaçu,20,208M,2.1G,,,2017,
,Brazil,Goiânia,Ponto de Troca de Trafego do Goiânia,41,18.7G,3.16G,,,20-Oct-10,
,Brazil,João Pessoa,Ponto de Troca de Trafego do João Pessoa,28,15.8G,7.8G,,,2018,
,Brazil,Lajeado,Ponto de Troca de Trafego do Lajeado,32,32.3G,17.3G,,,Mar-13,
,Brazil,Londrina,Ponto de Troca de Trafego do Londrina,32,23.8G,21K,,,15-Feb-09,
,Brazil,Maceió,Ponto de Troca de Trafego do Maceió,34,9.9G,1.1G,,,2019,
,Brazil,Manaus,Ponto de Troca de Trafego do Manaus,56,38.3G,1.29G,,,Jan-13,
,Brazil,Maringá,Ponto de Troca de Trafego do Maringa,70,7.12G,4.08G,,,Nov-13,
,Brazil,Natal,Ponto de Troca de Trafego do Natal,51,18.8G,8.73G,,,Jun-11,
,Brazil,Paraná,Ponto de Troca de Tráfego do Paraná,0,,,,,Jun-02,
,Brazil,Ponta Grossa,UEPG Internet Exchange,16,3.16G,1.45G,,,Sep-19,
,Brazil,Porto Alegre,Ponto de Troca de Trafego do Porto Alegre,264,386G,138G,,,Apr-02,
,Brazil,Porto Alegre,Rio Grande do Sul Internet Exchange,0,,,,,20-Nov-00,
,Brazil,Recife,Ponto de Troca de Trafego do Recife,118,56.3G,6.96G,,,1-Dec-09,
,Brazil,Rio De Janeiro,Optiglobe Internet Exchange - Latin America,0,,,,,,
,Brazil,Rio de Janeiro,Ponto de Troca de Tráfego do Rio de Janeiro,470,2.01T,946G,10.30%,,2010,
,Brazil,Salvador,Ponto de Troca de Trafego do Salvador,106,89G,14.7G,,,2008,
,Brazil,Santa Maria,Ponto de Troca de Trafego do Santa Maria,22,3.24G,1.9G,,,2018,
,Brazil,São Carlos,Ponto de Troca de Trafego do Central Paulista,0,,,,,Oct-13,
,Brazil,São José do Rio Preto,Ponto de Troca de Trafego do São José do Rio Preto,24,15.1G,1.01G,,,Jan-13,
,Brazil,São José dos Campos,Ponto de Troca de Trafego do São José dos Campos,14,5.56G,192M,,,2011,
,Brazil,São Luís,Ponto de Troca de Trafego do São Luís,22,8.38G,500M,,,2018,
,Brazil,São Paulo,Ponto de Troca de Tráfego Metro São Paulo,2413,13.3T,4.78T,7.47%,,4-Oct-04,
,Brazil,São Paulo,Equinix São Paulo,172,70G,50G,,,1998,
,Brazil,São Paulo,Daedalus,0,,,,,,
,Brazil,São Paulo,Diveo NAP,0,,,,,,
,Brazil,São Paulo,NAP Abranet (Not an exchange),0,,,,,,
,Brazil,São Paulo,Tivit,0,,,,,,
,Brazil,São Paulo,Telcomp,0,,,,,2003,
,Brazil,São Paulo,An Academic Network at Sao Paulo,0,,,,,,
,Brazil,Teresina,Ponto de Troca de Trafego do Teresina,28,18.7G,2.1G,,,2018,
,Brazil,Vitória,Ponto de Troca de Trafego do Vitória,64,7.51G,4.91G,,,2012,
,British Virgin Islands,Road Town,British Virgin Islands IXP,0,,,,,,
Asia-Pacific,Brunei Darussalam,Bandar Seri Begawan,Borneo-IX,0,,,,,2020,
Europe,Bulgaria,Sofia,Bulgarian Internet eXchange,77,516G,180G,,384603,1-Aug-09,
,Bulgaria,Sofia,Balkan Internet Exchange,47,115G,69.4G,,,2010,
,Bulgaria,Sofia,GoCIS,0,,,,,,
,Bulgaria,Sofia,Sofia Internet Exchange,0,,,,,,
,Bulgaria,Sofia,NetIX,146,1.38T,303K,,920801,1-Jan-13,
,Bulgaria,Sofia,Megaport MegaIX Sofia,23,11G,6G,,242796,Jun-16,
,Bulgaria,Sofia,T-CIX,20,,,,150383,18-May-15,
,Bulgaria,Varna,Varna Internet Exchange,8,12G,,,,2019,
Africa,Burkina Faso,Bobo-Dioulasso,BFIX Bobo-Dioulasso,0,332M,215M,,,10-Jan-21,
,Burkina Faso,Ouagadougou,BFIX Ouagadougou,12,11.1G,7.78G,,6124,26-Jun-15,
,Burundi,Bujumbura,BurundiX Internet Exchange Point,0,,,,,21-Mar-14,
,Burundi,Bujumbura,Burundi Internet Exchange Point,8,2.74M,,,171,29-Sep-17,
Asia-Pacific,Cambodia,Phnom Penh,Finder Internet Exchange,0,,,,,Jun-03,
,Cambodia,Phnom Penh,Cambodian Network Exchange,29,23.3G,3.5G,,599232,1-Dec-08,
,Cambodia,Phnom Penh,HTN-Cambodia Internet Exchange,16,,,,,2013,
,Cambodia,Phnom Penh,MekongIX,13,,,,,2020,
Africa,Cameroon,Douala,Douala IXP,7,70.6M,,,677,2018,
,Cameroon,Yaoundé,Cameroon Internet Exchange Point,10,6.51M,,,,24-Jan-14,
North America,Canada,Calgary,Calgary Internet Exchange,38,45.8G,36.9G,,502948,3-Jan-13,
,Canada,Calgary,AlbertaIX,0,,,,,23-Jan-14,
,Canada,Charlottetown,PEIX,0,,,,,,
,Canada,Edmonton,Edmonton Internet Exchange,0,,,,,,
,Canada,Edmonton,YEGIX Edmonton Internet Exchange,8,,,,,30-Jan-15,
,Canada,Halifax,Halifax Internet Exchange,17,150M,,,487185,1-May-15,
,Canada,Iqaluit,Iqaluit Internet Exchange,0,,,,,,
,Canada,Moncton,Moncton Internet Exchange,5,,,,344310,22-Jan-18,
,Canada,Montreal,Quebec Internet Exchange/RISQ,0,,,,,,
,Canada,Montreal,Peer1 Internet Exchange - Montreal,0,,,,,2010,
,Canada,Montreal,Quebec Internet Exchange,73,303G,90.5G,,801156,Jan-13,
,Canada,Ottawa,Ottawa Internet Exchange,0,,,,394,10-Apr-01,
,Canada,Ottawa,Ottawa-Gatineau Internet Exchange,8,831M,444M,,,2020,
,Canada,Saint John,Saint John IXP,0,,,,,,
,Canada,Saskatoon,YXEIX Saskatoon Internet Exchange,6,3.75G,112M,,337624,18-Jul-17,
,Canada,St. John's,Newfoundland Labrador Internet Exchange,0,,,,,,
,Canada,Toronto,Toronto Internet Exchange,226,1.38T,706G,,582193,24-Jul-98,
,Canada,Toronto,CANIX,0,,,,,,
,Canada,Toronto,Peer1 Internet Exchange - Toronto,0,,,,,2008,
,Canada,Toronto,Megaport Toronto,9,500M,300M,,360492,2015,
,Canada,Toronto,Equinix Toronto,15,,,,,,
,Canada,Toronto,Greater Toronto International Internet Exchange,0,,,,,Jun-11,
,Canada,Vancouver,British Columbia Internet Exchange,0,,,,,,
,Canada,Vancouver,Peer1 Internet Exchange - Vancouver,0,,,,,2008,
,Canada,Vancouver,Vancouver Internet Exchange,63,80G,,,,30-Nov-13,
,Canada,Vancouver,UNMETERED Exchange,5,2.5G,,,,2018,
,Canada,Vancouver,CloudSingularity Internet Exchange,0,,,,,,
,Canada,Victoria,Victoria Transit Exchange,0,,,,,,
,Canada,Waterloo,Waterloo Internet Exchange,0,,,,,,
,Canada,Whitehorse,Whitehorse Internet Exchange,0,,,,,,
,Canada,Winnipeg,Manitoba Internet Exchange,29,777M,396M,,340271,29-Jul-13,
,Canada,Winnipeg,Winnipeg Internet Exchange,25,8.8G,2K,,243435,May-13,
,Canada,Yellowknife,Yellowknife Internet Exchange,0,,,,,,
Africa,Chad,N'Djamena,Tchad Internet Exchange Point,0,,,,,,
Latin America,Chile,,Chile Network Access Point,0,,,,,,
,Chile,Arica,PIT Chile Arica,4,,,,14501,2018,
,Chile,Concepcion,PITChile Concepcion,45,58.4M,1.1G,,,5-Jan-18,
,Chile,Osorno,PIT Chile Osorno,0,,,,,,
,Chile,Santiago,NAP Chile,21,,,,,Sep-97,
,Chile,Santiago,PIT Chile - Santiago,117,6.73T,2.44T,,184114,1-Jul-16,
,Chile,Santiago,SCL-IX,11,,,,,28-Oct-16,
,Chile,Temuco,PIT Chile Temuco,4,1.89G,410M,,,,
Asia-Pacific,China,Beijing,Beijing National Internet Exchange Center,11,2G,,,,Apr-00,
,China,Beijing,TerreNAP Beijing,0,,,,,,
,China,Beijing,CNC Beijing NAP,0,,,,,2008,
,China,Beijing,CHN IX,20,60G,,,,1-Dec-15,
,China,Beijing,CNIX China Internet Exchange,17,,,,,Mar-15,
,China,Beijing,CN-IX-BJ,0,,,,,,
,China,Guangzhou,,0,,,,,Dec-00,
,China,Guangzhou,CN-IX Guangzhou,0,,,,,,
,China,Guangzhou,CHN-IX Guangzhou,0,,,,,,
,China,Guangzhou,Yajuu Senpai Internet eXchange,0,,,,,,
,China,Hangzhou,National (Hangzhou) New-Type Internet Exchange Point,67,521G,287G,,,Jun-20,
,China,Hong Kong,Hong Kong Internet Exchange,293,1.96T,852G,,648896,Apr-95,
,China,Hong Kong,AMS-IX Hong Kong,61,52.3G,31.9G,3.07%,,1-Apr-12,
,China,Hong Kong,Equinix Hong Kong,0,,,,,2009,
,China,Hong Kong,Hong Kong Academic Internet Exchange,0,,,,,,
,China,Hong Kong,Level3,0,,,,,,
,China,Hong Kong,Pihana Hong Kong,0,,,,,,
,China,Hong Kong,Megaport Hong Kong,7,180M,102M,,,,
,China,Hong Kong,iAdvantage Internet Exchange,202,,,,,,
,China,Hong Kong,BBIX Hong Kong,27,,,,,1-Oct-14,
,China,Shanghai,Asia Pacific Internet Exchange,0,,,,,,
,China,Shanghai,Shanghai City Exchange,0,,,,,,
,China,Shanghai,Shanghai Internet Exchange,0,,,,,Dec-00,
,China,Shanghai,CN-IX Shanghai,0,,,,,,
,China,Shanghai,CHN-IX Shanghai,0,,,,,,
,China,Shanghai,Equinix Shanghai,0,,,,,,
,China,Zhuhai,IXPMOE Internet Exchange Point,8,,,,,,
Latin America,Colombia,,CIN,0,,,,,,
,Colombia,Bogota,Equinix Bogota,14,,,,,Mar-08,
,Colombia,Bogota,IXP del Caribe,0,,,,,,
,Colombia,Bogotá,NAP Colombia,21,743G,,,,29-Jun-00,
,Costa Rica,San Jose,Punto de Intercambio Neutro de Internet,33,30.6G,15.3G,,6415,29-Apr-14,
,Costa Rica,San Jose,IXP Infocom Costa Rica,5,,,,,Jun-19,
Africa,Cote D'Ivoire,Abidjan,Côte d'Ivoire Internet Exchange Point,0,,,,,2006,
,Cote D'Ivoire,Abidjan,Côte d'Ivoire Internet Exchange Point,6,422M,210M,,1042,3-Oct-13,
Europe,Croatia,Zagreb,Croatian Internet Exchange,34,94.9G,59.3G,,352213,2000,
Latin America,Cuba,Havana,NAP de Cuba,5,50M,,,,Jun-01,
,Curaçao,Willemstad,Caribbean Internet Exchange,14,19.6G,12.8G,0.00%,,20-Apr-09,
Europe,Cyprus,Lefkosia,Cyprus Internet Exchange,3,10M,,,,1999,
,Czech Republic,Brno,Brno Internet Exchange Point,7,75G,,,,,
,Czech Republic,Brno,Commercial Brno Internet Exchange,0,,,,,12-May-07,
,Czech Republic,Prague,NIX.CZ - Neutral Internet eXchange for the Czech Republic,190,1.2T,,,,31-Aug-96,
,Czech Republic,Prague,Neutral czFree eXchange,10,222G,69.9G,,,2007,
,Czech Republic,Prague,Peering.cz,148,900G,,,468541,17-Oct-12,
Africa,Democratic Republic of Congo,Goma,Goma Internet Exchange,7,14.8G,,,,17-Sep-21,
,Democratic Republic of Congo,Kinshasa,Kinshasa Internet Exchange,18,40G,7.22G,,235,Nov-02,
,Democratic Republic of Congo,Lubumbashi,Lubumbashi Internet Exchange,10,21.2G,8.3G,,250,25-Oct-19,
Europe,Denmark,Copenhagen,Danish Internet Exchange,48,44.2G,,,,May-94,
,Denmark,Copenhagen,Copenhagen Internet Exchange,0,,,,,,
,Denmark,Copenhagen,Netnod Copenhagen,50,359G,104G,,,May-14,
,Denmark,Copenhagen,STHIX - Copenhagen,25,24G,14.9G,,,15-Sep-17,
,Denmark,Copenhagen,Content-IX,0,,,,,Feb-12,
Africa,Djibouti,Djibouti City,DjIX,12,5.41G,3.39G,,,2016,
Latin America,Dominica,Roseau,Dominica National Internet Exchange Point,4,67.5M,,,52,27-Feb-13,
,Dominican Republic,Santo Domingo,NAP del Caribe,15,,,,,Jul-08,
,Dominican Republic,Santo Domingo,Internet Traffic Exchange Point of the Dominican Republic,3,5.83M,467K,,,15-Sep-20,
,Ecuador,Guayaquil,NAP AEPROVI Guayaquil,10,38.4G,19.2G,,,2003,
,Ecuador,Guayaquil,IXP Ecuador,9,964M,622M,,777,Jul-17,
,Ecuador,Manta,IXP Ecuador - Manta,0,,,,,,
,Ecuador,Pasaje,IXP-APROSVA Pasaje,11,350M,,,,23-Nov-17,
,Ecuador,Quito,NAP AEPROVI Quito,21,141G,82.8G,,,2003,
Africa,Egypt,Cairo,Cairo Internet Exchange,7,31.1G,15.4G,,2209,May-02,
,Egypt,Cairo,Middle East Internet eXchange,10,15K,,,,May-07,
,Egypt,Cairo,Cairo Regional Internet Exchange,0,,,,,May-02,
,Egypt,Cairo,Egypt Internet Exchange,0,,,,,,
Latin America,El Salvador,San Salvador,IXP de El Salvador,0,,,,,,
Europe,Estonia,Tallinn,Tallinn Internet Exchange (TLLIX),10,1.1G,,,,Nov-05,
,Estonia,Tallinn,Tallinn Internet Exchange (TIX),6,,,,,2002,
,Estonia,Tallinn,Tallinn Governmental Internet Exchange,11,,,,232717,Jul-09,
,Estonia,Tallinn,PITER-IX Tallinn,96,6.96G,10.4G,,,,
,Finland,Espoo,Finnish Communication and Internet Exchange Espoo,12,19.1G,,,,1993,
,Finland,Helsinki,Finnish Communication and Internet Exchange Helsinki,47,36G,,,,1993,
,Finland,Helsinki,PITER-IX Helsinki,97,,,,,,
,Finland,Helsinki,Equinix Helsinki,10,,,,,,
,Finland,Helsinki,STHIX - Helsinki,0,,,,,,
,Finland,Oulu,Finnish Communication and Internet Exchange Oulu,7,900M,,,,2008,
,Finland,Tampere,Tampere Region Exchange,21,1.2G,370M,,13615,3-Aug-03,
,France,Alsace,EuroGIX,9,348M,,,,4-Mar-02,
,France,Annecy,AnnecIX,0,,,,,,
,France,Brest,Brest IX,0,,,,,,
,France,Cayenne,Guyanix,9,,,,,1-Oct-13,
,France,Clermont-Ferrand,AuvernIX,2,3.45G,140M,,,30-Oct-12,
,France,Grenoble,GrenoblIX,8,,,,,2013,
,France,Lille,Lillix,23,4.4G,,,,27-Jun-14,
,France,Lyon,Lyon Internet Exchange,93,49.2G,27.9G,,31926,1-Jun-10,
,France,Mamoudzou,Mayotte Internet Exchange,0,,,,,,
,France,Marseille,Marseille Internet Exchange,0,,,,,2005,
,France,Marseille,France-IX Marseille,503,178G,93.4G,,568231,2011,
,France,Marseille,DE-CIX Marseille,113,146G,43G,,463814,Sep-15,
,France,Nantes,Ouest IX,10,,,,,2-Apr-14,
,France,Nice,NicIX - Alpes-Maritimes,0,,,,,19-Jun-14,
,France,Paris,France-IX,503,1.43T,665G,,617774,Nov-10,
,France,Paris,Service for French Internet Exchange,75,249K,8G,,10102,1995,
,France,Paris,French National Internet Exchange IPv6,16,,,,,1-Nov-02,
,France,Paris,Equinix Paris,350,,,,86,2008,
,France,Paris,Free-IX,0,,,,,2000,
,France,Paris,Metropolitan Area Ethernet-Paris,0,,,,,,
,France,Paris,Mix Internet Exchange and Transit,0,,,,,1999,
,France,Paris,Paris Internet Exchange,0,,,,,,
,France,Paris,Paris Internet Exchange Service,0,,,,,,
,France,Paris,PARIX,0,,,,,2001,
,France,Paris,Paris NAP,0,,,,,Jul-05,
,France,Paris,Paris Operators for Universal Internet eXchange,0,,,,,,
,France,Paris,Gigabit European Internet eXchange,0,,,,,,
,France,Paris,FR-IX 75,18,,,,,5-May-10,
,France,Paris,Hopus,0,,,,,Jan-14,
,France,Pau,BéarnIX,7,,,,,1-Jun-20,
,France,Rennes,BreizhIX,13,,,,,,
,France,Saint Etienne,The Saint-Etienne Internet eXchange Point,0,,,,,Jan-11,
,France,Saint-Denis,Réunion Internet Exchange,10,,,,,Feb-06,
,France,Saint-Etienne,PhibIX Gix & Nap,0,,,,,2008,
,France,Toulouse,TouIX,13,,,,,16-Apr-09,
,France,Valence,The Ardèche and Drôme Internet eXchange Point,0,,,,,2012,
Africa,Gabon,Libreville,Gabon Internet Exchange,10,640M,120M,,78,2014,
,Gambia,Serrekunda,Serrekunda Internet Exchange Point,7,501M,,,194,25-Jul-13,
Europe,Georgia,Tbilisi,Georgian Internet Exchange Point,8,63K,27K,,,28-Sep-16,
,Germany,Berlin,Berlin Commercial Internet Exchange,122,608G,357G,,650954,6-Sep-02,
,Germany,Berlin,Megaport Berlin IX,51,286G,,,359191,2003,
,Germany,Berlin,Community-IX,41,112G,93.8G,,,2016,
,Germany,Bremen,BREM-IX,10,647M,,,,2013,
,Germany,Bremen,Central Internet Exchange,0,,,,,,
,Germany,Darmstadt,Metropolitan Area Network Darmstadt,0,,,,,,
,Germany,Dortmund,Dortmund Internet exchange,12,27.3G,12.7G,,5728,1-Sep-13,
,Germany,Düsseldorf,Megaport Düsseldorf IX,116,22.9G,,,385081,2003,
,Germany,Düsseldorf,DE-CIX Düsseldorf,268,274G,142G,,394201,2011,
,Germany,Düsseldorf,Local Internet Exchange Düsseldorf,83,,,,,2019,
,Germany,Düsseldorf,Securebit Internet Exchange - Germany,36,,,,,,
,Germany,Düsseldorf,OpenCarrier e.G. Member IX Düsseldorf,23,,,,,May-07,
,Germany,Frankfurt,Deutscher Commercial Internet Exchange DE-CIX Frankfurt,1069,10.8T,6.91T,,1927064,May-95,
,Germany,Frankfurt,KleyReX Internet Exchange,138,3.06G,,,,Sep-02,
,Germany,Frankfurt,MAE-Frankfurt,0,,,,,,
,Germany,Frankfurt,XchangePoint Frankfurt IPP,0,,,,,,
,Germany,Frankfurt,Frankfurt Network Access Point,0,,,,,1-Oct-03,
,Germany,Frankfurt,Local Internet Exchange Frankfurt,237,1.9G,1.1G,,433442,2018,
,Germany,Frankfurt,Megaport Frankfurt IX,106,,,,521977,8-Apr-13,
,Germany,Frankfurt,Staclar Internet Exchange,0,,,,202797,,
,Germany,Frankfurt,OpenCarrier e.G. Member IX Frankfurt,23,,,,,May-07,
,Germany,Frankfurt,Equinix Frankfurt,50,,,,,2018,
,Germany,Hamburg,DE-CIX Hamburg,220,188G,87.2G,,403664,2007,
,Germany,Hamburg,Megaport Hamburg IX,64,72G,,,373392,21-Jan-09,
,Germany,Hamburg,Internet Exchange Hamburg,0,,,,,Oct-00,
,Germany,Hamburg,XchangePoint Hamburg IPP,0,,,,,Apr-03,
,Germany,Hamburg,Hansestadt Hamburg Commercial Internet Exchange,0,,,,,17-Jan-03,
,Germany,Karlsruhe,Baden-Württemberg Internet Exchange,6,,,,,2016,
,Germany,Leipzig,European Commercial Internet Exchange Leipzig,0,,,,,,
,Germany,Munich,DE-CIX Munich,224,108G,60.3G,,398375,Apr-10,
,Germany,Munich,Megaport Munich IX,52,20G,,,370110,Jun-94,
,Germany,Munich,Munich Commercial Internet Exchange,0,,,,,,
,Germany,Münster,Nederlands-Duitse Internet Exchange,0,,,,,,
,Germany,Münster,Münster Internet Exchange,7,,,,,2019,
,Germany,Nuremberg,Nürnberger Internet Exchange,45,1.9G,4.09G,,8942,2003,
,Germany,Ruhr,RUHR-CIX,4,,,,486,16-Feb-21,
,Germany,Stuttgart,Stuttgarter Internet Exchange,30,32G,16.5G,,3510,Apr-05,
,Germany,Wuppertal,United Peering,13,,,,54,10-Sep-15,
Africa,Ghana,Accra,Ghana Internet Exchange,21,4.8G,30G,,8842,18-Oct-05,
Europe,Greece,Athens,GR-IX Athens,62,309G,214G,,407351,2000,
,Greece,Athens,The South East Europe Cloud & Interconnection Exchange,0,,,,,,
,Greece,Thessaloniki,GR-IX Thessaloniki,20,6.37G,4.1G,,,2018,
,Greece,Thessaloniki,Thessaloniki Internet Exchange,14,,,,,2021,
Latin America,Grenada,St. Georges,Grenada Internet Exchange,9,1.55G,780M,,1535,12-May-11,
Asia-Pacific,Guam,Mangilao,Mariana Islands Internet Exchange,5,,,,,2018,
Latin America,Guatemala,Guatemala,Guatemala Internet Traffic Exchange Point,14,13.1G,7.51G,,18641,21-Nov-19,
Africa,Guinea,Conakry,IXP-GUINEE,11,240M,62M,,,2019,
Latin America,Haiti,Port au Prince,AHTIC Internet Exchange Point,9,12G,,,975,5-May-09,
,Honduras,Tegucigalpa,IXP-HN Puntos de Intercambio de Tráfico – Honduras,8,,,,156,Jul-15,
Europe,Hungary,Budapest,Budapest Internet Exchange,88,338G,122G,,,1996,
,Iceland,Reykjavik,Reykjavik Internet Exchange,27,16.9G,8.74G,,4487,1999,
Asia-Pacific,India,Ahmedabad,National Internet Exchange of India,4,28.4M,3K,,,2008,
,India,Amaravati,Amaravati Internet Exchange,4,,,,,17-May-18,
,India,Bangalore,National Internet Exchange of India,4,640K,525K,,,2008,
,India,Chennai,National Internet Exchange of India,24,24G,1.19G,,,19-Jul-03,
,India,Chennai,Extreme IX Chennai,80,156G,92.4G,,,23-Jun-16,
,India,Chennai,REDIX Chennai,4,,,,,2018,
,India,Chennai,DE-CIX Chennai,37,,,,,2019,
,India,Guntur,Remki Internet Exchange,0,,,,,2017,
,India,Guwahati,National Internet Exchange of India,7,80.6M,80.4M,,,2018,
,India,Hyderabad,National Internet Exchange of India,8,120K,1.2M,,,2008,
,India,Hyderabad,Extreme IX Hyderabad,15,13.6G,7G,,,23-Jun-16,
,India,Hyderabad,Deccan IX,0,,,,,,
,India,Indore,India Internet Exchange,0,,,,,,
,India,Kochi,India Internet Exchange,0,,,,,,
,India,Kolkata,National Internet Exchange of India,10,100M,2.06M,,,19-Jul-03,
,India,Kolkata,Kolkata IX,10,13.6G,9.1G,,,2016,
,India,Kolkata,Extreme IX Kolkata,14,11.9G,4.09G,,,,
,India,Kolkata,DE-CIX Kolkata,12,,,,,2019,
,India,Lucknow,National Internet Exchange of India,0,,,,,,
,India,Mohali,National Internet Exchange of India,0,,,,,,
,India,Mumbai,National Internet Exchange of India,44,8.4G,2.71G,,,19-Jul-03,
,India,Mumbai,Enron India Exchange,0,,,,,,
,India,Mumbai,Mumbai Internet Exchange (Mumbai IX),369,2.87T,255K,,61666,14-Aug-14,
,India,Mumbai,Extreme IX Mumbai,217,1.03T,462G,,,23-Jun-16,
,India,Mumbai,AMS-IX India,49,32.7G,22.6G,,,2-Feb-17,
,India,Mumbai,Bharat IX - Mumbai,10,,,,,2-Oct-17,
,India,New Delhi,National Internet Exchange of India,34,49.4G,781M,,,19-Jul-03,
,India,New Delhi,India Internet Exchange,0,,,,,,
,India,New Delhi,Extreme IX New Delhi,151,751G,335G,,,23-Jun-16,
,India,New Delhi,ANI Peering Exchange,15,,,,,2018,
,India,New Delhi,DE-CIX Delhi,73,,,,,2019,
,Indonesia,Bali,Bali Internet Exchange,0,,,,,,
,Indonesia,Bandar Lampung,IIX-Lampung,6,,,,,,
,Indonesia,Bandung,NPXP,0,,,,,,
,Indonesia,Bandung,IIX-Jabar,7,,,,,,
,Indonesia,Batam,Batam Internet Exchange - Batam,4,,,,,2019,
,Indonesia,Denpasar,Bali Internet eXchange,20,249M,83.1M,,,,
,Indonesia,Denpasar,cloudXchange,14,,,,,2019,
,Indonesia,Jakarta,Biznet Internet Exchange,39,23.2G,,,,2006,
,Indonesia,Jakarta,Matrix Cable System Internet Exchange,68,10G,,,437283,2011,
,Indonesia,Jakarta,Indonesian Internet Exchange,252,3.4G,,,31888,Aug-97,
,Indonesia,Jakarta,Jakarta Internet Exchange,9,,,,,Jun-18,
,Indonesia,Jakarta,IndonesiaEP,0,,,,,,
,Indonesia,Jakarta,NAPSINDO International Internet Exchange,0,,,,,,
,Indonesia,Jakarta,PT. Cyberindo Aditama,0,,,,,2008,
,Indonesia,Jakarta,OpenIXP Internet exchange Point,1097,1.03T,600G,,12,2005,
,Indonesia,Jakarta,Batam Internet Exchange - Jakarta,18,29.7G,20.6G,,,1-Jan-20,
,Indonesia,Jakarta,NEX Internet Exchange,12,495M,,,,2010,
,Indonesia,Jakarta,Cyber 2 Internet Exchange,3,,,,,,
,Indonesia,Jakarta,PT. Cyberplus Media Pratama,0,,,,,,
,Indonesia,Surabaya,NPXP,0,,,,,,
,Indonesia,Surabaya,IIX Jawa Timur,47,,,,,,
,Indonesia,Yogyakarta,Universitas Negeri Yogyakarta Internet Exchange Point,4,,,,,,
Europe,Iran,Mashhad,Mashhad IX,0,,,,,2016,
,Iran,Shiraz,Shiraz IX,10,11.8G,8.99G,,,2016,
,Iran,Tabriz,Tabriz IX,6,8.5G,5.4G,,,2016,
,Iran,Tehran,Tehran IX,44,1.4T,962G,,,15-May-16,
,Iraq,Baghdad,IRAQ-IXP,0,,,,,,
,Ireland,Cork,Cork Neutral Internet Exchange,0,,,,,17-Jul-09,
,Ireland,Cork,INEX Cork,15,6.02G,3.19G,,,Apr-16,
,Ireland,Dublin,Internet Neutral Exchange Association Limited,106,579G,404G,,1313144,1996,
,Ireland,Dublin,Equinix Dublin,10,,,,,22-Feb-18,
,Ireland,Galway,eXchange West,2,,,,,4-Jun-09,
,Israel,Tel Aviv,Israeli Internet Exchange,20,230G,61G,,7050,1996,
,Italy,Bolzano,South Tyrol Internet Exchange,5,,,,,2019,
,Italy,Florence,Tuscany Internet Exchange,33,1.5G,560M,,,2003,
,Italy,Milan,Milan Internet Exchange,357,1.11T,668G,,,Nov-00,
,Italy,Milan,Milan Neutral Access Point,79,159G,99.8G,,,2008,
,Italy,Milan,Equinix Milan,10,,,,,2018,
,Italy,Padova,VSIX NAP del Nord Est,2,67.8G,40.6G,,,1-Sep-09,
,Italy,Palermo,DE-CIX Palermo,26,19.8G,1.6G,,,2-Sep-15,
,Italy,Piacenza,Piacenza Internet Exchange,4,,,,,,
,Italy,Rome,Roma Internet Exchange Point,203,272G,172G,,167471,1996,
,Italy,Rome,CASPUR,0,,,,,,
,Italy,Rome,Hamro Internet Exchange - Rome,6,,,,,,
,Italy,Torino,Torino Piemonte Exchange Point,122,175G,97.6G,,350638,Apr-02,
,Italy,Udine,Friuli Venezia Giulia Internet Exchange,8,,,,,2009,
Latin America,Jamaica,Kingston,Jamaica Internet Exchange Point,4,,,,317,31-Aug-14,
Asia-Pacific,Japan,Akita,Akita Regional IX,0,,,,,,
,Japan,Fukuoka,BBIX Fukuoka,0,,,,,Oct-04,
,Japan,Fukuoka,JPNAP Fukuoka,4,,,,,,
,Japan,Kyoto,Kyoto Municipal Exchange,0,,,,,,
,Japan,Nagoya,BBIX Nagoya,0,,,,,May-05,
,Japan,Nagoya,JPIX Nagoya,0,,,,,Apr-01,
,Japan,Niigata,Echigo-IX,6,,,,,Sep-11,
,Japan,Okinawa,BBIX Okinawa,0,,,,,Sep-06,
,Japan,Osaka,JPNAP Osaka,52,1.18T,407G,,,2002,
,Japan,Osaka,JPIX Osaka,49,783G,467G,,,Apr-02,
,Japan,Osaka,NSPIXP-3,23,72G,,,,Mar-97,
,Japan,Osaka,BBIX Osaka,16,,,,,Sep-03,
,Japan,Osaka,NSPIXP-2,0,,,,,Mar-97,
,Japan,Osaka,Equinix Osaka,20,,,,,,
,Japan,Sendai,BBIX Sendai,0,,,,,Aug-04,
,Japan,Sendai,JPNAP Sendai,0,,,,,,
,Japan,Tokyo,JPNAP Tokyo,130,2.92T,780G,,,2001,
,Japan,Tokyo,Japan Internet Exchange,174,1.68T,843G,,574117,Jul-97,
,Japan,Tokyo,Network Service Provider IXP (Distributed IX in Edo),46,23G,,,10974,Oct-96,
,Japan,Tokyo,Equinix IBX Tokyo,94,,,,,29-May-01,
,Japan,Tokyo,BBIX Tokyo,149,,,,,Jul-03,
,Japan,Tokyo,Network Service Provider IXP-6,51,,,,,Aug-99,
,Japan,Tokyo,JPIX Nihonbashi,0,,,,,Apr-04,
,Japan,Tokyo,Media Exchange Co.,0,,,,,,
,Japan,Tokyo,Network Service Provider IXP,0,,,,,Apr-94,
,Japan,Tokyo,Pihana Tokyo,0,,,,,,
,Japan,Tokyo,JPNAP Tokyo II - Ikebukuro,0,,,,,1-Apr-08,
,Japan,Tokyo,Asia Smart IX [BBIX Asia],7,,,,,,
,Japan,Tokyo,Tokyo Lambda Exchange,0,,,,,Mar-04,
Europe,Jordan,Aqaba,Aqaba IX,6,,,,3111,1-Jan-20,
,Kazakhstan,Almaty,Kazakhstan Traffic Exchange,0,,,,,,
,Kazakhstan,Astana,Kazakhstan Internet Exchange,13,46.3G,,,,,
,Kazakhstan,Semey,KazNIX,6,1.33G,843M,,1419,2018,
Africa,Kenya,Mombasa,AMS-IX East Africa,0,,,,,Aug-10,
,Kenya,Mombasa,Asteroid Mombasa,21,5.03G,,,239255,Dec-18,
,Kenya,Mombasa,Mombasa Internet Exchange Point,12,1.36G,742M,,495810,1-Jun-16,
,Kenya,Nairobi,Kenya Internet Exchange Point,63,62.5G,43.6G,,269832,Feb-01,
Europe,Kosovo,Prishtinë,KOSIX Internet Exchange Point,0,,,,,23-Jun-11,
,Kuwait,Kuwait,Kuwait Internet Exchange,17,28.3G,,,7342,2018,
,Kuwait,Kuwait,Kuwait Internet Exchange,0,,,,,,
Asia-Pacific,Kyrgyzstan,Bishkek,SR-IX,9,57.5G,,,,11-Sep-19,
,Kyrgyzstan,Bishkek,KG-IX,5,7G,3G,,,14-Feb-18,
,Kyrgyzstan,Bishkek,Kyrgyz IXP,0,,,,,2002,
,Laos,Vientiane,Lao National Internet Center,7,1M,,,,1-Sep-10,
Europe,Latvia,Riga,Santa Monica Internet Local Exchange,39,8.9G,,,327,11-Oct-05,
,Latvia,Riga,Latvian Internet Exchange,0,,,,,Jun-07,
,Latvia,Riga,PITER-IX Riga,104,15.2G,19.9G,,,,
,Latvia,Riga,MSK-IX Riga,21,,,,,2018,
,Lebanon,Beirut,Beirut Internet Exchange,12,61.8M,,,742,6-Dec-07,
,Lebanon,Beirut,Advanced Internet Exchange,26,76.2M,26.1M,,1005,9-May-17,
,Lebanon,Beirut,LebanonIX,0,,,,,,
Africa,Lesotho,Maseru,Lesotho Internet Exchange,0,,,,,,
,Lesotho,Maseru,Lesotho Internet Exchange Point,8,968M,666M,,,2017,
,Liberia,Monrovia,Liberia Internet Exchange Point,4,2M,,,63,4-Aug-15,
Europe,Liechtenstein,Balzers,Virtual Internet Exchange Point,0,,,,,,
,Liechtenstein,Eschen,Rheintal Internet Exchange,33,1.69G,1.03G,,3028,27-Oct-11,
,Lithuania,Vilnius,Lithuanian Internet service providers exchange unit,5,,,,,2008,
,Lithuania,Vilnius,Baltic Internet Exchange,60,93.9G,35G,,,2017,
,Lithuania,Vilnius,Lithuania Internet Exchange,18,37G,27G,,245146,2010,
,Lithuania,Vilnius,Lithuanian peering center,28,,,,,,
,Luxembourg,Luxembourg,Luxembourg Commercial Internet Exchange,79,242G,113G,,358827,2010,
,Luxembourg,Luxembourg,Luxembourg Internet Exchange,0,,,,,1998,
Africa,Madagascar,Antananarivo,Madagascar Global Internet Exchange,9,11.8M,,,1514,16-Mar-16,
,Malawi,Blantyre,Malawi IXP,2,10M,,,279,1-Dec-08,
Asia-Pacific,Malaysia,Cyberjaya,Malaysia Network Access Point (MYNAP),0,,,,,,
,Malaysia,Johor Bahru,DE-CIX Johor Bahru powered by JBIX,12,,,,527771,2018,
,Malaysia,Kuala Lumpur,Malaysia Internet Exchange,126,249G,,,646912,15-Dec-06,
,Malaysia,Kuala Lumpur,Asia Regional Internet Exchange NAP,0,,,,,,
,Malaysia,Kuala Lumpur,Kuala Lumpur Internet Exchange,0,,,,,,
,Malaysia,Kuala Lumpur,Thai-IX Malaysia by CS Loxinfo,10,,,,,,
,Malaysia,Kuala Lumpur,DE-CIX Kuala Lumpur,0,,,,,,
Africa,Mali,Bamako,Mali IXP,4,621M,352M,,67,23-Feb-18,
Europe,Malta,Msida,Malta Internet Exchange,0,,,,,7-Sep-99,
Latin America,Martinique,Fort-de-France,Martinix,3,966M,120M,,,1-Jan-15,
Africa,Mauritania,Nouakchott,Mauritania IX,0,,,,,,
,Mauritania,Nouakchott,RIMIX,0,,,,,,
,Mauritius,Ebene,Mauritius Internet Exchange,10,260M,125M,,879,Dec-05,
Latin America,Mexico,Mexico DF,Mexico IXP,14,3.49G,1.7G,,3228,30-Apr-14,
,Mexico,Mérida,Internet Exchange Services Yucatán,6,46M,5.61M,,,Jan-21,
Europe,Moldova,Chisinau,Moldova Internet Exchange,0,,,,,,
Asia-Pacific,Mongolia,Ulaanbaatar,Mongolia Internet Exchange,0,,,,,May-01,
,Mongolia,Ulaanbaatar,Mangolian Internet Exchange and Mangolian National Data Center,5,,,,,,
,Mongolia,Ulaanbaatar,MISPA-IXP,0,,,,,,
Europe,Montenegro,Podgorica,Montenegro Internet eXchange Point,5,,,,,22-Jul-15,
Africa,Morocco,Casablanca,Casablanca Internet Exchange,3,,,,66,Oct-19,
,Morocco,Rabat,Maroc Internet Exchange Point,0,,,,,Nov-16,
,Mozambique,Maputo,Mozambique Internet Exchange,15,14.7M,,,137835,Jul-02,
Asia-Pacific,Myanmar,Yangon,Myanmar Internet Exchange,17,9.43G,7.3G,,,Sep-17,
Africa,Namibia,Windhoek,Windhoek IXP,12,590M,,,226,7-Mar-14,
Asia-Pacific,Nepal,Biratnagar,Hamro Internet Exchange - Kathmandu,0,,,,,,
,Nepal,Kathmandu,Nepal Internet Exchange - Putalisadak,51,18.1G,8.15G,,2173,Aug-02,
,Nepal,Lalitpur,Nepal Internet Exchange - Jawalakhel,31,14G,5.28G,,,,
Europe,Netherlands,Amsterdam,Amsterdam Internet Exchange,833,11.3T,5.6T,2.46%,1438293,29-Dec-97,
,Netherlands,Amsterdam,Neutral Internet Exchange,455,4.27T,1.89T,,466305,1-Mar-02,
,Netherlands,Amsterdam,XchangePoint Amsterdam IPP,0,,,,,,
,Netherlands,Amsterdam,ERA-IX Amsterdam,7,90G,60G,,,May-22,
,Netherlands,Amsterdam,Asteroid Amsterdam IXP,34,18G,16.5G,,,2017,
,Netherlands,Amsterdam,Hamro Internet Exchange - Amsterdam,16,,,,,,
,Netherlands,Amsterdam,Equinix Amsterdam,0,,,,,,
,Netherlands,Amsterdam,Neutral Internet Exchange 2,10,,,,,,
,Netherlands,Den Haag,Den Haag Internet Exchange,0,,,,,1997,
,Netherlands,Dronten,Speed Internet Exchange,227,1.07T,845G,,,2017,
,Netherlands,Enschede,Nederlands-Duitse Internet Exchange,31,50M,,,,Apr-01,
,Netherlands,Fryslân,The Frisian Internet Exchange,4,26.5G,19.4G,50%,,,
,Netherlands,Groningen,Groningen-IX,51,,,,,2001,
,Netherlands,Leeuwarden,Friese Internet Exchange,38,3.1G,3K,,,26-Jan-06,
,Netherlands,Meppel,Local Internet Exchange Netherlands,26,,,,,Sep-19,
,Netherlands,Rotterdam,Rotterdam Internet eXchange,29,250G,,,4100,2007,
,Netherlands,The Hague,LayerSwitch Internet Exchange,64,,,,,,
Asia-Pacific,New Zealand,Auckland,Auckland Peering Exchange,83,12.3G,7.8G,,140541,10-Aug-99,
,New Zealand,Auckland,Auckland Internet Exchange,73,147G,,,261806,7-Nov-14,
,New Zealand,Auckland,MegaPort-IX Auckland,95,36G,12.4G,,354109,20-Nov-14,
,New Zealand,Christchurch,Christchurch Internet Exchange,12,,,,3464,2007,
,New Zealand,Christchurch,New Zealand Internet Exchange Christchurch,7,,,,,,
,New Zealand,Dunedin,Dunedin Peering Exchange,0,,,,,2005,
,New Zealand,Hamilton,Hamilton Internet Exchange,2,,,,,2010,
,New Zealand,Invercargill,Southland Internet Exchange,0,,,,,,
,New Zealand,Palmerston North,Palmerston North Internet Exchange,4,,,,10,30-Nov-04,
,New Zealand,Upper Hutt/Lower Hutt/Porirua,Three Cities Internet Exchange,0,,,,,Jun-05,
,New Zealand,Waikato,New Zealand Internet Exchange,0,,,,,,
,New Zealand,Wellington,Wellington Internet Exchange,89,3.85G,,,6325,Dec-96,
Latin America,Nicaragua,Managua,Nicaraguan Internet Exchange,0,,,,,Apr-04,
Africa,Niger,Niamey,Niger Internet Exchange,0,,,,,,
,Nigeria,Abuja,Internet Exchange Point of Nigeria - Abuja,10,2.18G,102M,,,2012,
,Nigeria,Ibadan,Ibadan Internet Exchange,0,,,,,Mar-02,
,Nigeria,Kano,Internet Exchange Point of Nigeria - Kano,0,,,,,,
,Nigeria,Lagos,Internet Exchange Point of Nigeria - Lagos,61,255G,159G,,223623,2006,
,Nigeria,Lagos,West African Internet Exchange,25,,,,,Oct-18,
,Nigeria,Port Harcourt,Internet Exchange Point of Nigeria - Port Harcourt,4,280M,4.55M,,,17-May-12,
Europe,North Macedonia,Skopje,IXP.mk,5,159M,82.5M,,429,2016,
,Norway,Bergen,Bergen Internet Exchange,6,418M,,,,2004,
,Norway,Oslo,Norwegian Internet Exchange Oslo 1,91,121G,73G,,213119,Mar-93,
,Norway,Oslo,Free Internet eXchange Oslo,55,,,,,16-Jan-08,
,Norway,Oslo,Norwegian Internet Exchange Oslo 2,22,3.42G,,,655,May-00,
,Norway,Stavanger,Stavanger Internet exchange,4,6.4G,,,,2007,
,Norway,Tromsø,Tromsø Internet exchange,7,96M,,,,2007,
,Norway,Trondheim,Trondheim Internet Exchange,5,2.52G,,,,2005,
Asia-Pacific,Pakistan,,Pakistan Internet Exchange,0,,,,,,
,Pakistan,,Transworld Internet Exchange,0,,,,,,
,Pakistan,Islamabad,Pakistan Internet Exchange Point,9,,,,,27-Jan-17,
,Pakistan,Karachi,Pakistan Network Access Point,0,,,,,,
,Pakistan,Karachi,PKIXP Karachi (ex ZPIX),0,,,,,10-Jan-11,
,Pakistan,Lahore,PKIXP Lahore,0,,,,,,
Europe,Palestine,Ramallah,Palestine IX,16,2G,,,,1-Mar-20,
,Palestine,Ramallah,Palestinian Internet Exchange,10,27.3M,,,231,4-Jun-12,
Latin America,Panama,,Secretaria Nacional de Ciencia Tecnologia e Innovacion,0,,,,,,
,Panama,,NAP Panamericano S.A.,0,,,,,,
,Panama,Panama City,Intered Panamá,11,34.7M,,,,2-Sep-97,
,Panama,Panama City,NAP Panamericano S.A.,0,,,,,,
Asia-Pacific,Papua New Guinea,Port Moresby,PNG-IXP,5,,,,,1-Sep-15,
Latin America,Paraguay,Asuncion,CAPADI NAP-PY,0,,,,,20-Sep-00,
,Paraguay,Asuncion,Punto de Intercambio de Tráfico de Paraguay,35,12.8G,7.49G,,3622,2016,
,Paraguay,Ciudad del Este,IX-CDE,4,3G,,,,5-Dec-18,
,Peru,Lima,NAP Lima,0,,,,,,
,Peru,Lima,NAP Perú,0,,,,,14-May-01,
,Peru,Lima,Peru IX (PIT Peru sac) - Lima,50,1.1T,,,7399,2018,
,Peru,Lima,Jumbo Internet Exchange - Lima,16,18.3G,15.4G,,,,
,Peru,Lima,NAP Inca,0,,,,,2011,
Asia-Pacific,Philippines,Manila,Philippine Open Internet Exchange,60,51.4G,43.8G,,725560,2007,
,Philippines,Manila,Common Routing Exchange,0,,,,,1993,
,Philippines,Manila,Manila Internet Exchange,0,,,,,,
,Philippines,Manila,Philippines Internet Exchange,0,,,,,Jan-97,
,Philippines,Manila,GetaFIX,55,93.1G,13.6G,,28545,2018,
,Philippines,Quezon City,Bayan Telecommunications Internet and Gaming Exchange,0,,,,,,
Europe,Poland,,Silesian Internet Exchange,0,,,,,,
,Poland,Katowice,Tysiaclecie Internet Exchange,0,,,,,Apr-04,
,Poland,Katowice,EPIX.Katowice,559,1.38T,100K,,,2013,
,Poland,Kraków,Cracow Internet Exchange,52,,,,,Nov-09,
,Poland,Lodz,Lodz Internet Exchange,18,,,,,2009,
,Poland,Poznan,Poznan Internet Exchange,33,230G,90G,,,10-Mar-06,
,Poland,Warsaw,Equinix IX Warsaw (ex-PLIX),266,883G,521G,,448522,2-Apr-06,
,Poland,Warsaw,Thinx Poland,187,5.2G,3.1G,,,2006,
,Poland,Warsaw,Warsaw Internet Exchange,0,,,,,1996,
,Poland,Warsaw,EPIX.Warszawa-KIX,481,2.63T,,,,2013,
,Poland,Warsaw,TPIX - Internet Exchange,214,1.1T,350G,,,Nov-10,
,Poland,Warsaw,Krajowa Izba Komunikacji Ethernetowej,0,,,,,2009,
,Poland,Wroclaw,Wroclaw Internet eXchange,38,,,,,Feb-01,
,Portugal,Lisbon,Gigabit Portuguese Internet Exchange Point,44,90G,56.6G,,364962,Oct-95,
,Portugal,Lisbon,DE-CIX Lisbon,54,14.5G,7.3G,,370431,2019,
,Portugal,Lisbon,Equinix Lisbon,13,,,,,2018,
,Portugal,Porto,Gigabit Portuguese Internet Exchange Point Porto,2,,,,,Jan-11,
North America,Puerto Rico,San Juan,Internet Exchange of Puerto Rico,0,,,,,16-Apr-06,
,Puerto Rico,San Juan,Puerto Rico Internet Exchange,6,1.8G,,,801,2019,
,Puerto Rico,San Juan,Puerto Rico Bridge Initiative,0,,,,,,
Europe,Qatar,Doha,Qatar Internet Exchange Point,3,,,,,4-Jun-16,
,Qatar,Doha,Doha IX,0,,,,,,
Africa,Republic of Congo,Brazzaville,Congo Brazzaville IX,4,20K,,,,10-May-13,
,Republic of Congo,Brazzaville,Congo Internet Exchange,0,,,,,,
,Republic of Congo,Pointe-Noire,CG-IX Pointe-Noire,0,,,,,,
Europe,Romania,Bucharest,InterLAN-IX,130,399G,252G,,517097,2007,
,Romania,Bucharest,Romanian National Internet Exchange,38,47G,30G,,,7-Sep-01,
,Romania,Bucharest,Bucharest Internet Exchange,0,,,,,1999,
,Romania,Bucharest,Balcan-IX,46,6G,,,,2008,
,Romania,Bucharest,Romania Internet eXchange Point,3,1G,,,,2018,
,Romania,Bucharest,DreamServer.ro,5,,,,,,
,Romania,Bucharest,Romanian Open Internet Exchange,0,,,,,Jul-20,
,Romania,Bucharest,Romania Commercial Internet Exchange,11,,,,,2020,
,Romania,Suceava,Suceava Internet Exchange,0,,,,,,
,Romania,Targoviste,LNK-IX,8,,,,,Sep-18,
,Russia,Barnaul,SFO-IX,121,,,,,,
,Russia,Chelyabinsk,Chelyabinsk Peering Point,0,,,,,,
,Russia,Chita,DV-IX,5,,,,,,
,Russia,Ekaterinburg,MSK-IX Ekaterinburg,60,43.2G,,,,1-Dec-12,
,Russia,Irkutsk,BAIKAL-IX,0,,,,,,
,Russia,Kazan,MSK-IX Kazan,30,1.12G,,,,May-10,
,Russia,Khabarovsk,DataIX Khabarovsk,30,1.6M,,,,2013,
,Russia,Krasnodar,Sea-IX Internet exchange,47,140G,32.1G,,,8-Oct-12,
,Russia,Krasnoyarsk,Krasnoyarsk Internet Exchange,48,20G,54.3G,,,2006,
,Russia,Krasnoyarsk,Sibir-IX,55,14.6G,10.4G,,,Mar-17,
,Russia,Moscow,MSK-IX Moscow,450,4.99T,3.28T,2.21%,,25-Nov-95,
,Russia,Moscow,DataIX Moscow,282,1.6T,,,,20-Oct-10,
,Russia,Moscow,PITER-IX Moscow,301,676G,533G,,,,
,Russia,Moscow,Eurasia Peering Moscow,166,271G,,,,18-Sep-14,
,Russia,Moscow,SVAO-IX,76,,,,,Apr-04,
,Russia,Moscow,DataLine-IX,84,,,,,,
,Russia,Moscow,W-IX,177,,,,,25-Dec-08,
,Russia,Moscow,SPACE-IX,0,,,,,,
,Russia,Nizhny Novgorod,Nizhny Novgorod Internet Exchange,15,,,,,,
,Russia,Novokuznetsk,TN-IX.net,3,,,,,,
,Russia,Novosibirsk,MSK-IX Novosibirsk,72,26.5G,,,,2004,
,Russia,Novosibirsk,DataIX Novosibirsk,27,8G,,,,2012,
,Russia,Omsk,Omsk Internet exchange,15,10.7G,5.2G,,,2006,
,Russia,Perm,Perm traffic exchange point,0,,,,,,
,Russia,Rostov-on-Don,MSK-IX Rostov-on-Don,41,4.16G,,,,2009,
,Russia,Samara,MSK-IX Samara,39,12.4G,,,,2009,
,Russia,Saratov,Saratov Internet Exchange,0,,,,,2005,
,Russia,Simferopol,Crimea Internet Exchange,53,40.8G,37.9G,,,,
,Russia,Simferopol,Media-IX,59,,,,,2018,
,Russia,St. Petersburg,DataIX St Petersburg,298,160G,,,,20-Oct-10,
,Russia,St. Petersburg,MSK-IX St. Petersburg,103,83.4G,,,,2009,
,Russia,St. Petersburg,North West Internet Exchange,0,,,,,1998,
,Russia,St. Petersburg,NW-IX,0,,,,,,
,Russia,St. Petersburg,PITER-IX St. Petersburg,264,354G,208G,,,,
,Russia,St. Petersburg,PIRIX,50,7.9G,5.1G,,,2008,
,Russia,Stavropol,MSK-IX Stavropol,24,240M,,,,2009,
,Russia,Tomsk,Tomsk Internet eXchange,43,1.32G,550M,,,24-May-13,
,Russia,Ufa,DataIX Ufa,94,130G,,,,2013,
,Russia,Ulyanovsk,Ulyanovsk Internet Exchange,13,3.28G,,,,8-May-09,
,Russia,Ulyanovsk,Simbirsk Internet Exchange,0,,,,,,
,Russia,Vladivostok,MSK-IX Vladivostok,38,528M,,,457,2008,
,Russia,Yaroslavl,Yaroslavl Internet Exchange,9,65M,130M,,,,
,Russia,Yaroslavl,Volga-IX,0,,,,,,
Africa,Rwanda,Kigali,Rwanda Internet exchange,9,4.07G,2.84G,,1948,2003,
Latin America,Saint Kitts and Nevis,Basseterre,Saint Kitts and Nevis Internet Exchange,0,,,,,2019,
,Saint Lucia,Castries,Saint Lucia IXP,5,,,,35,Jun-14,
,Saint Vincent and the Grenadines,Kingstown,SVGIX,2,,,,,26-Jan-16,
Europe,Saudi Arabia,Jeddah,JEDIX by Linx,4,,,,,Dec-18,
,Saudi Arabia,Riyadh,Saudi Telecommunications Company Internet NOC,0,,,,,,
,Saudi Arabia,Riyadh,The Internet Services Unit,0,,,,,1998,
,Saudi Arabia,Riyadh,Internet Exchange of Saudi Arabia,0,,,,,Jan-09,
,Saudi Arabia,Riyadh,Saudi Arabia Internet Exchange,12,47.4G,39.1G,,5727,May-17,
Africa,Senegal,Dakar,Senegal IX,6,556M,,,48,29-Aug-17,
Europe,Serbia,Belgrade,Serbian Open Exchange,40,100G,,,485624,Sep-10,
Africa,Seychelles,Victoria,Seychelles Internet Exchange Point,0,,,,,,
Asia-Pacific,Singapore,Singapore,Equinix Singapore IBX,156,650G,,,1329563,26-Apr-04,
,Singapore,Singapore,Singapore Internet Exchange,178,1.25T,288G,,473778,Sep-09,
,Singapore,Singapore,Singapore Open Exchange,27,,,,107022,Aug-01,
,Singapore,Singapore,Pihana Singapore,0,,,,,,
,Singapore,Singapore,Singapore One Network for Everyone,0,,,,,,
,Singapore,Singapore,Singapore Telecom Internet Exchange,0,,,,,,
,Singapore,Singapore,MegaPort IX Singapore,40,30G,15G,,,,
,Singapore,Singapore,Thai-IX Singapore by CS Loxinfo,10,,,,,,
,Singapore,Singapore,BBIX Singapore,47,,,,,1-Oct-14,
Latin America,Sint Maarten,Philipsburg,Open Caribbean Internet eXchange,8,1.3G,736M,,,Oct-08,
Europe,Slovakia,Bratislava,Slovak Internet eXchange Bratislava,57,264G,141G,,,Oct-96,
,Slovakia,Bratislava,NIX.SK - exSitelIX,52,,,,,1-Aug-05,
,Slovakia,Košice,Slovak Internet Exchange Košice,4,254M,91.8M,,,Jun-08,
,Slovenia,Ljubljana,Slovenian Internet Exchange,27,101G,32.3G,,,Feb-94,
Africa,Somalia,Mogadishu,Somali Internet Exchange Point,6,24K,14K,,1,20-Nov-18,
,South Africa,Cape Town,NAPAfrica Cape Town,255,307G,210G,,398539,2012,
,South Africa,Cape Town,Cape Town Internet Exchange,73,40.2G,25.1G,,96641,Jul-09,
,South Africa,Cape Town,Hub,0,,,,,,
,South Africa,Durban,Durban Internet eXchange,77,32.6G,19G,,323278,14-Sep-12,
,South Africa,Durban,NAPAfrica Durban,122,46.1G,26.6G,,348866,2014,
,South Africa,Grahamstown,Grahamstown Internet Exchange,0,,,,30,13-Mar-05,
,South Africa,Johannesburg,NAPAfrica Johannesburg,511,1.87T,1.29T,,434099,2012,
,South Africa,Johannesburg,Johannesburg Internet Exchange,126,86.7G,58.6G,,350345,Jun-96,
,South Africa,Johannesburg,South African Internet Exchange,0,,,,,,
Asia-Pacific,South Korea,Seoul,Korea Internet Neutral Exchange KINX,64,412G,,,238149,Jun-00,
,South Korea,Seoul,LGDACOM Internet Exchange,52,70G,,,,Oct-96,
,South Korea,Seoul,6NGIX,82,,,,,Aug-01,
,South Korea,Seoul,Korea Internet Data Center,0,,,,,Oct-99,
,South Korea,Seoul,Korea Internet Exchange KIX,0,,,,,Oct-96,
,South Korea,Seoul,Korea Telecom Internet Exchange,0,,,,,Oct-96,
,South Korea,Seoul,Pihana Seoul,0,,,,,,
,South Korea,Seoul,Korea Internet Exchange (SejongTelecom),17,70G,,,,Apr-17,
,South Korea,Seoul,Equinix Seoul,0,,,,,,
Europe,Spain,Barcelona,Catalunya Neutral Internet Exchange Point,48,88.3G,36G,,172376,7-Apr-99,
,Spain,Barcelona,DE-CIX Barcelona,36,8G,6G,,354586,1-Sep-21,
,Spain,Barcelona,Equinix Barcelona,3,,,,,2019,
,Spain,Barcelona,WAPOP Africa Interconnect Exchange,0,,,,,2013,
,Spain,Bilbao,Punto Neutro Vasco de Internet,0,,,,,17-Jan-02,
,Spain,Madrid,Punto Neutro Español de Internet,97,1.33T,560G,,232177,1997,
,Spain,Madrid,Terremark NAP de las Americas - Madrid,2,,,,,Oct-04,
,Spain,Madrid,Madrid Internet Exchange,0,,,,,,
,Spain,Madrid,Punto Neutro Español de Internet,0,,,,,,
,Spain,Madrid,DE-CIX Madrid,225,866G,201G,,463622,1-Jun-16,
,Spain,Madrid,Equinix Madrid,5,,,,,2018,
,Spain,Malaga,Startnix IXPlay Peers,16,20G,,,363134,2019,
,Spain,Santiago de Compostela,Punto Neutro de Intercambio de Tráfico de Internet en Galicia,0,,,,,19-Jul-02,
,Spain,Valencia,Neutral Internet Exchange Valencia,26,20.7G,10G,,,2009,
Asia-Pacific,Sri Lanka,Colombo,Sri Lanka Internet Exchange,3,,,,418,1-Jul-01,
,Sri Lanka,Colombo,Singapore Telecom Internet Exchange,0,,,,,,
Africa,Sudan,Khartoum,Sudan Internet Exchange Point,7,16.4M,,,537,Oct-11,
Latin America,Suriname,Paramaribo,Suriname Internet Exchange,3,,,,,2019,
Africa,Swaziland,Mbabane,Swaziland Internet Exchange,0,,,,,Jun-04,
,Swaziland,Mbabane,Mbabane Internet Exchange,0,,,,,10-Apr-14,
Europe,Sweden,Boras,Boras Internet Exchange,0,,,,,,
,Sweden,Gothenburg,Netnod Gothenburg,13,13.6G,4.27G,,,1998,
,Sweden,Gothenburg,Gothenburg Internet Exchange,15,,,,,21-Dec-05,
,Sweden,Gothenburg,STHIX - Gothenburg,22,279M,184M,,,,
,Sweden,Gävle,Gästrikland-Hälsingland Regional Internet Exchange,0,,,,,,
,Sweden,Gävle,Gävle Internet Exchange,12,368M,166M,,,2019,
,Sweden,Linköping,Linkoping municipal exchange,0,,,,,,
,Sweden,Luleå,Netnod Luleå,6,10.4M,2.52M,,,Sep-04,
,Sweden,Luleå,PolarIX,0,,,,,Sep-02,
,Sweden,Malmö,Internet exchange point of the Oresund Region,19,48M,,,,14-Oct-09,
,Sweden,Malmö,Netnod Malmö,0,,,,,2000,
,Sweden,Stockholm,Netnod Stockholm,162,1.54T,918G,,,1997,
,Sweden,Stockholm,Stockholm Internet Exchange,122,157G,108G,,,2007,
,Sweden,Stockholm,SOLIX,69,51G,10.8G,,,Dec-01,
,Sweden,Stockholm,Equinix Stockholm,13,,,,,2018,
,Sweden,Sundsvall,Netnod Sundsvall,8,29.1G,743M,,,2000,
,Sweden,Sundsvall,STHIX - Sundsvall,4,8.88M,4.63M,,,Feb-20,
,Sweden,Umeå,NorrNod,7,743M,160M,,,1996,
,Sweden,Umeå,STHIX - Umeå,5,33.2M,19.7M,,,,
,Switzerland,Frauenfeld,CHIX,0,,,,,,
,Switzerland,Geneva,CERN IXP / Equinix Geneva,46,5.54G,6.69G,,,1995,
,Switzerland,Lausanne,RomandIX,9,,,,25709,2018,
,Switzerland,Lupfig,4b42 Internet Exchange Point,262,,,,,2018,
,Switzerland,Zurich,SwissIX,235,416G,269G,,98444,9-Mar-01,
,Switzerland,Zurich,Equinix Zurich,45,4.6G,,,398774,1999,
,Switzerland,Zurich,MAE-Zurich,0,,,,,,
,Switzerland,Zurich,Swiss Internet Exchange,0,,,,,,
,Switzerland,Zurich,Telehouse Internet Exchange,0,,,,,1999,
,Switzerland,Zurich,Securebit Internet Exchange - Switzerland,58,,,,,2018,
,Switzerland,Zurich,Community-IX.ch,6,,,,,,
,Switzerland,Zurich,Global Internet Exchange & Peering Network,0,,,,,,
,Syria,Damascus,Syrian Internet Exchange Point,0,,,,,,
Asia-Pacific,Taiwan,Taipei,Taiwan Internet Exchange,26,333G,111G,,35830,Dec-97,
,Taiwan,Taipei,Taipei Internet Exchange (TPIX),42,163G,75K,,311866,2-Jul-02,
,Taiwan,Taipei,Taiwan Network Access Point,16,1G,,,,2001,
,Taiwan,Taipei,TaiwanEP,0,,,,,,
,Taiwan,Taipei,,0,,,,,,
,Taiwan,Taipei,TaipeiGigaPoP,0,,,,,,
,Taiwan,Taipei,Student & Technology United Internet Exchanges,6,6.8M,3M,,,15-Jan-21,
,Tajikistan,Dushanbe,Tajik Internet Exchange Point,0,,,,,2005,
Africa,Tanzania,Arusha,TIX Tanzania - Arusha,6,100M,,,4172,26-Jun-06,
,Tanzania,Dar es Salaam,TIX Tanzania - Dar es Salaam,42,36G,22.4G,,8456,Jul-03,
,Tanzania,Dodoma,Dodoma Internet Exchange Point,4,30M,,,,1-Jan-18,
,Tanzania,Mwanza,Mwanza Internet Exchange Point,12,65.2M,75K,,,1-Jun-16,
,Tanzania,Zanzibar,Zanzibar Internet Exchange Point,3,,5.5M,,,28-May-18,
Asia-Pacific,Thailand,Bangkok,CAT National Internet Exchange,20,1.7G,,,,Sep-97,
,Thailand,Bangkok,NECTEC-IIR,0,,,,,1997,
,Thailand,Bangkok,ThaiSarn Public Internet Exchange,0,,,,,,
,Thailand,Bangkok,Bangkok Neutral Internet Exchange,37,139G,56.2G,0.05%,360243,9-Feb-15,
,Thailand,Bangkok,Thai-IX Bangkok by CS Loxinfo,10,,,,,,
,Thailand,Bangkok,TOT NIX,0,,,,,Jun-07,
,Thailand,Bangkok,True International Gateway NIX,0,,,,,Jul-07,
,Thailand,Bangkok,CS Loxinfo NIX,0,,,,,Aug-08,
,Thailand,Bangkok,Super Broadband Network IX,0,,,,,Oct-09,
,Thailand,Bangkok,JASTEL IX,0,,,,,Jan-10,
,Thailand,Bangkok,BB Connect IX,0,,,,,Jul-12,
,Thailand,Bangkok,TCC Technology IX,0,,,,,Aug-12,
,Thailand,Bangkok,Symphony IX,0,,,,,Dec-13,
,Timor-Leste,Dili,Timor-Leste Internet Exchange,3,,,,,9-Nov-16,
Africa,Togo,Lome,Togo Internet Exchange Point,6,540M,30.3M,,343,15-Jun-17,
Latin America,Trinidad and Tobago,Barataria,Trinidad and Tobago Internet Exchange,8,460M,400M,,195,18-Apr-14,
,Trinidad and Tobago,Princes Town,TTIX2,8,10.6G,2G,,,31-Jan-17,
Africa,Tunisia,Enfidha,Enfidha Internet Exchange,2,,,,47,2013,
,Tunisia,Tunis,Tunisian Internet Exchange Point,5,,,,1360,2011,
Europe,Turkey,Istanbul,Istanbul Internet Exchange,38,263G,185G,,28,2010,
,Turkey,Istanbul,Turkish Internet Exchange,0,,,,,1997,
,Turkey,Istanbul,DE-CIX Istanbul,43,263G,84.5G,,511465,2015,
,Turkey,Istanbul,TURKISH Internet eXchange,11,,,,,,
,Turkey,Istanbul,TR-IX,0,,,,,2019,
Africa,Uganda,Kampala,Uganda Internet Exchange,30,33.1G,17G,,15080,Jul-03,
Europe,Ukraine,,Leontovich 9 IX,0,,,,,2008,
,Ukraine,Donetsk,Donetsk Internet Exchange,12,1.3G,,,745,23-Dec-01,
,Ukraine,Ivano-Frankivsk,IVANO-FRANKIVSK INTERNET EXCHANGE,0,,,,,,
,Ukraine,Kherson,Kherson Internet Exchange,14,16G,,,,2008,
,Ukraine,Khmelnytsky,Khmelnytsky Internet exchange point,3,24.1M,4.26M,,,9-Aug-03,
,Ukraine,Kremenchuk,kremen-IX,8,5.58G,2.5G,,,,
,Ukraine,Kyiv,Digital Telecom Internet Exchange,140,1.47T,809G,1.21%,,2009,
,Ukraine,Kyiv,Ukrainian Internet Exchange,180,668G,169K,,43962,Jul-00,
,Ukraine,Kyiv,Ukrtelecom Internet Exchange,0,,,,,,
,Ukraine,Kyiv,Giganet Internet Exchange,103,1.67T,880G,,554800,2012,
,Ukraine,Kyiv,PITER-IX Kiev,90,56.8G,34.3G,,,2019,
,Ukraine,Kyiv,Serin Internet Exchange,0,,,,,,
,Ukraine,Lviv,Lviv Internet Exchange,8,,,,,2018,
,Ukraine,Mariupol,Meshroom IXP,7,,,,,,
,Ukraine,Odessa,Odessa Internet Exchange,25,28.7M,,,,Sep-07,
,Ukraine,Zaporozhye,Zaporozhye Internet Exchange,0,,,,,2008,
,United Arab Emirates,Abu Dhabi,Emirates Internet Exchange,0,,,,,,
,United Arab Emirates,Abu Dhabi,Gulf Internet Exchange,0,,,,,,
,United Arab Emirates,Dubai,UAE-IX by DE-CIX,70,265G,94.2G,,2438,24-Feb-12,
,United Arab Emirates,Fujairah,SMARTHUB Internet Exchange,13,,,,,Mar-13,
,United Kingdom,,eXpress IX,0,,,,,,
,United Kingdom,Bradford,Bradford IX,39,,,,,,
,United Kingdom,Brighton,IX Brighton,5,,,,,2015,
,United Kingdom,Cardiff,IXCardiff by LINX,26,458M,29M,,,15-Oct-14,
,United Kingdom,Douglas,ManxIX,3,,,,,3-Jul-20,
,United Kingdom,Edinburgh,Scottish Internet Exchange,0,,,,,Sep-99,
,United Kingdom,Edinburgh,WorldIX,0,,,,,Feb-00,
,United Kingdom,Edinburgh,UNION IXP,0,,,,,,
,United Kingdom,Edinburgh,IXScotland powered by LINX,26,1G,434M,,830,Oct-13,
,United Kingdom,Leeds,Leeds Internet Exchange,21,4G,2.09G,,243156,20-Sep-10,
,United Kingdom,Liverpool,IX Liverpool,7,,,,,2016,
,United Kingdom,London,London Internet Exchange,770,4.22T,2.7T,,757539,8-Nov-94,
,United Kingdom,London,London Network Access Point,237,670G,467G,,89149,1998,
,United Kingdom,London,XchangePoint London IPP,166,5.3G,,,,2001,
,United Kingdom,London,LoNAP/XchangePoint shared interconnect,0,,,,,2004,
,United Kingdom,London,London Internet Providers Exchange,0,,,,,Oct-01,
,United Kingdom,London,UK6X,0,,,,,,
,United Kingdom,London,SovEx,0,,,,,,
,United Kingdom,London,Redbus Internet Exchange,0,,,,,13-Apr-04,
,United Kingdom,London,EarthNAP,0,,,,,26-Feb-07,
,United Kingdom,London,Meridian Gate Internet Exchange,0,,,,,,
,United Kingdom,London,Securebit Internet Exchange - United Kingdom,15,,,,,,
,United Kingdom,London,Equinix London,50,,,,,2018,
,United Kingdom,London,Unifi-IX,0,,,,,,
,United Kingdom,Macclesfield,Edge-IX,0,,,,,2013,
,United Kingdom,Manchester,IXManchester powered by LINX,89,64G,45G,,4695,29-Apr-12,
,United Kingdom,Manchester,Manchester Network Access Point,0,,,,,1997,
,United Kingdom,Manchester,Manchester Commercial Internet Exchange,0,,,,,,
,United Kingdom,Manchester,Enlightened Internet Exchange,0,,,,,4-Jun-05,
,United Kingdom,Manchester,Equinix Manchester,13,,,,,2018,
,United Kingdom,Newcastle,Newcastle Internet Exchange,1,2.75M,32K,,,20-Dec-20,
North America,United States,,OhioEP,0,,,,,,
,United States,Albuquerque,New Mexico Internet Exchange,0,,,,,2008,
,United States,Albuquerque,IXNM,0,,,,,Feb-02,
,United States,Albuquerque,Albuquerque IXP,9,71M,3.77M,,,Mar-21,
,United States,Anchorage,Anchorage Metropolitan Access Point,0,,,,,,
,United States,Ashburn,Equinix IBX Ashburn,208,610G,,,1389656,31-Oct-02,
,United States,Ashburn,Megaport IX Ashburn,41,18G,10.4G,,,4-Nov-16,
,United States,Ashburn,Gig IX Ashburn,4,,,,,2019,
,United States,Ashburn,Digital Realty Ashburn Internet Exchange,0,,,,,,
,United States,Atlanta,Equinix Atlanta,23,,,,,3-Dec-04,
,United States,Atlanta,Atlanta Internet Exchange,0,,,,112219,Aug-03,
,United States,Atlanta,Atlanta NAP,0,,,,,,
,United States,Atlanta,MAE-Central,0,,,,,,
,United States,Atlanta,Digital Realty Atlanta Internet Exchange,136,1.4T,,,308325,2007,
,United States,Atlanta,Community IX - Atlanta,3,253G,173G,,,2019,
,United States,Atlanta,South East Network Access Point,7,,,,,2012,
,United States,Austin,AUSIX,0,,,,,,
,United States,Austin,Austin Metro Access Point,0,,,,,,
,United States,Baltimore,Baltimore-NAP,0,,,,,,
,United States,Baltimore,DACS-IX East,4,,,,,,
,United States,Baltimore,The Baltimore Internet Exchange,3,,,,48,2018,
,United States,Bend,Central Oregon Internet eXchange,7,116M,44.8M,,,Aug-20,
,United States,Berkeley,Calren2 North,0,,,,,,
,United States,Berkeley,6TAP,0,,,,,,
,United States,Billings,Yellowstone Regional Internet Exchange,8,,,,,2003,
,United States,Boston,Massachusetts Internet Exchange,43,64G,,,534301,14-May-15,
,United States,Boston,Equinix-Boston,0,,,,,20-Jul-00,
,United States,Boston,Boston Internet Exchange,61,,,,160535,9-Apr-12,
,United States,Boston,Boston Metropolitan Exchange Point,0,,,,,,
,United States,Boston,Coresite - Any 2,5,,,,,2013,
,United States,Buffalo,Buffalo Niagara International Internet Exchange,8,,,,,May-11,
,United States,Carrollton,CyrusOne,0,,,,,2011,
,United States,Charlotte,Charlotte-IX,3,,,,,Oct-18,
,United States,Cheyenne,Big Horn Fiber,12,,,,,2013,
,United States,Chicago,CoreSite - Any2,10,5G,,,,Jan-08,
,United States,Chicago,Equinix Chicago IBX,129,,,,718353,4-Mar-02,
,United States,Chicago,StarLight,15,,,,,Mar-01,
,United States,Chicago,Ameritech Advanced Data Services Network Access Point,0,,,,,,
,United States,Chicago,MAE-Chicago,0,,,,,,
,United States,Chicago,PacBell ATM Exchange,0,,,,,,
,United States,Chicago,STAR TAP,0,,,,,1998,
,United States,Chicago,Chicago Internet Exchange,0,,,,142,11-Apr-08,
,United States,Chicago,AMS-IX Chicago,24,66.6G,64G,0.32%,158268,7-Oct-14,
,United States,Chicago,United IX Chicago,40,48G,,,371580,2014,
,United States,Chicago,Greater Chicago International Internet Exchange,2,,,,,Dec-12,
,United States,Chicago,Digital Realty Chicago,0,,,,,,
,United States,Chicago,DE-CIX Chicago,24,,,,,,
,United States,Cleveland,MidWest-IX - Cleveland,4,,,,,2019,
,United States,Colchester,VermontIX,0,,,,,,
,United States,Columbus,CMH-IX,0,,,,,,
,United States,Columbus,Columbus Internet Exchange,0,,,,,,
,United States,Columbus,FiberNAP,0,,,,,,
,United States,Dallas,Digital Realty Dallas Internet Exchange,9,2.6G,,,350950,2007,
,United States,Dallas,Equinix IBX Dallas,143,,,,599140,15-Jun-01,
,United States,Dallas,Dallas/Fort Worth Metropolitan Access Point,0,,,,,,
,United States,Dallas,Excel Telecom NAP,0,,,,,,
,United States,Dallas,MAE Central,0,,,,,,
,United States,Dallas,MAE-Dallas,0,,,,,,
,United States,Dallas,Equinix-Dallas(former PAIX),0,,,,,24-Feb-02,
,United States,Dallas,DE-CIX Dallas,119,413G,83.6G,,382235,15-Nov-16,
,United States,Dallas,Megaport Dallas,28,11.4G,8G,,,,
,United States,Dallas,Dallas-IX,3,,,,,Oct-18,
,United States,Davenport,Quad Cities Internet Exchange,54,62.1G,39.8G,,480725,11-Jan-20,
,United States,Dayton,Dayton Metro Internet Exchange,0,,,,,24-Jun-03,
,United States,Denver,Denver Internet Exchange,0,,,,,,
,United States,Denver,Mountain Area Exchange,0,,,,,,
,United States,Denver,Equinix-Denver,0,,,,,,
,United States,Denver,Interconnection eXchange Denver,53,142G,92.7G,,537425,2015,
,United States,Denver,Denver Internet Exchange,4,3K,3K,,,25-Mar-21,
,United States,Denver,Coresite - Any 2,45,,,,,2013,
,United States,Des Moines,DesMoines Internet eXchange,4,,,,,Sep-21,
,United States,Detroit,DET-IX,41,535G,89.9G,,,31-Mar-15,
,United States,Duluth,Twin Ports Internet Exchange,2,,,,,1-Nov-12,
,United States,Eugene,Oregon Internet Exchange,0,,,,,,
,United States,Eugene,Willamette Internet Exchange,5,,,,,,
,United States,Fremont,Fremont Cabal Internet Exchange,39,10G,,,,Apr-18,
,United States,Fremont,Amateur Radio Internet Exchange,17,,,,,,
,United States,Fremont,Lambda Internet Exchange,13,,,,,1-Sep-21,
,United States,Fremont,Experimental Virtual Internet Exchange,0,,,,,2018,
,United States,Guam,Guam Internet Exchange,5,1G,,,,2011,
,United States,Helena,Northwest Internet Exchange,0,,,,,Feb-06,
,United States,Honolulu,Hawaii Internet Exchange,8,,,,1695,Jul-95,
,United States,Honolulu,DRFxchange,13,,,,,8-Jan-07,
,United States,Honolulu,Aloha-IX,3,,,,,Oct-16,
,United States,Houston,Southeast Texas GigaPOP,11,,,,,1997,
,United States,Houston,Houston Network Access Point,0,,,,,2010,
,United States,Houston,Houston MAGIE,0,,,,,,
,United States,Houston,Houston Metropolitan Access Point,0,,,,,,
,United States,Houston,MAE-Houston,0,,,,,,
,United States,Houston,Rice EduPOP,0,,,,,10-May-01,
,United States,Houston,TexasSEGP,0,,,,,,
,United States,Houston,Texas-IX,4,,,,,,
,United States,Houston,Houston-IX,3,,,,,Jul-17,
,United States,Houston,Equinix Internet Exchange Houston,0,,,,,,
,United States,Indianapolis,Indianapolis Data Exchange,0,,,,,,
,United States,Indianapolis,Midwest-IX - Indianapolis,25,28G,,,247044,2015,
,United States,Jacksonville,Jacksonville Internet Exchange,10,,,,143917,2-Jan-12,
,United States,Kansas City,Kansas City Internet Exchange,72,220G,,,301002,2006,
,United States,Las Vegas,Vegas-IX,3,,,,,Oct-16,
,United States,Las Vegas,Megaport Las Vegas,4,,,,,,
,United States,Los Angeles,Any2 California,449,68G,,,894787,Dec-05,
,United States,Los Angeles,Los Angeles International Internet Exchange,32,9.2G,,,117076,1996,
,United States,Los Angeles,Equinix Los Angeles IBX,72,,,,619882,11-Jul-02,
,United States,Los Angeles,6IIX,0,,,,,,
,United States,Los Angeles,Calren2 South,0,,,,,,
,United States,Los Angeles,Equinix Los Angeles IBX,0,,,,,,
,United States,Los Angeles,MAE-LA,0,,,,,,
,United States,Los Angeles,Pac Bell Los Angeles Network Access Point,0,,,,,,
,United States,Los Angeles,Equinix-LA(former Paix),0,,,,,,
,United States,Los Angeles,Pihana Los Angeles,0,,,,,,
,United States,Los Angeles,Megaport IX Los Angeles,31,7.6G,6.97G,,368025,4-Nov-16,
,United States,Los Angeles,CENIC International Internet eXchange,6,,,,,1996,
,United States,Louisville,Louisville NAP,0,,,,,,
,United States,Madison,Madison Internet Exchange,22,,,,,2000,
,United States,Marina del Rey,ISI DMZ/Gigapop,0,,,,,,
,United States,McAllen,MEX-IX McAllen,15,114G,,,,Oct-17,
,United States,Medford,Southern Oregon Access Exchange,0,,,,,,
,United States,Medford,Southern Oregon Access Exchange,6,,,,,2013,
,United States,Miami,NAP of the Americas,87,250G,,,619952,12-Aug-04,
,United States,Miami,Equinix-Miami,0,,,,769251,3-Dec-12,
,United States,Miami,BellSouth Multimedia Internet Exchange,0,,,,,,
,United States,Miami,AMPATH - Florida International University/CIARA,0,,,,,2006,
,United States,Miami,FL-IX - The Florida Internet Exchange / Community IX - Florida,134,942G,689G,,445950,2015,
,United States,Miami,South Florida Internet Exchange,101,216G,,,,2014,
,United States,Miami,Coresite - Any 2,3,,,,,2013,
,United States,Milwaukee,Milwaukee Internet Exchange,17,2.8G,,,1590,2011,
,United States,Minneapolis,Midwest Internet Cooperative Exchange,134,1.11T,713G,,370413,11-Jan-11,
,United States,Minneapolis,Northern Lights GigaPoP,0,,,,,2000,
,United States,Missoula,Northwest Internet Exchange,0,,,,,15-Dec-04,
,United States,Moffett Field,AMES-MIX,0,,,,,,
,United States,Moffett Field,MAE-West,0,,,,,,
,United States,Moffett Field,NGIX-West,0,,,,,1998,
,United States,Montgomery,Montgomery Internet Exchange,17,,,,151335,Jan-16,
,United States,Nashville,Nashville City Net,0,,,,,,
,United States,Nashville,Nashville NAP,0,,,,,,
,United States,New Jersey,MAGPI Gigapop,0,,,,,2006,
,United States,New York,New York International Internet Exchange,174,1.1T,605G,,84,1996,
,United States,New York,Digital Realty New York Internet Exchange,68,235G,,,241125,2009,
,United States,New York,Equinix-NY(former Paix),80,,,,433856,14-Mar-00,
,United States,New York,Peer 1 Internet Exchange,0,,,,,9-Jan-04,
,United States,New York,Big Apple Peering Exchange,14,,,,,2001,
,United States,New York,Equinix New York IBX,66,,,,,11-Mar-03,
,United States,New York,6IIX,0,,,,,,
,United States,New York,MAE-NY,0,,,,,,
,United States,New York,MetroIX,0,,,,,,
,United States,New York,NY-RIX,0,,,,,,
,United States,New York,New York City Exchange,0,,,,,,
,United States,New York,DE-CIX New York,264,1.03T,430G,,637020,2013,
,United States,New York,DACS-IX North,0,,,,,1-Mar-21,
,United States,New York,Coresite - Any 2,8,,,,,2013,
,United States,New York,AMS-IX New York,0,,,,158,17-Apr-14,
,United States,Ohio,Ohio IX,40,37.2G,22.5G,,,,
,United States,Ohio,North East Ohio Internet Exchange,7,67.8M,,,283,,
,United States,Oklahoma,Internet Exchange Oklahoma City,10,36.6G,19.6G,,,,
,United States,Omaha,OmahaIX,33,118G,80.5G,,,Jan-14,
,United States,Orlando,Central Florida IX,5,,,,,2019,
,United States,Orlando,DACS-IX South,0,,,,,,
,United States,Paducah,Paducah Internet Exchange,3,,,,,,
,United States,Palo Alto,Equinix Palo Alto,92,41G,,,1449369,Dec-94,
,United States,Pennsauken,Sprint NAP,0,,,,,,
,United States,Philadelphia,Equinix-Philly(former Paix),0,,,,,,
,United States,Philadelphia,The Philadelphia Internet Exchange,0,,,,,Jan-13,
,United States,Philadelphia,Philadelphia Internet Exchange,4,,,,,May-18,
,United States,Philadelphia,Philadelphia Internet Exchange,0,,,,,,
,United States,Phoenix,Digital Realty Phoenix Internet Exchange,9,1.55G,,,159052,2-Jun-08,
,United States,Phoenix,PhoenixNAP,0,,,,,,
,United States,Phoenix,Phoenix Internet Exchange,0,,,,,,
,United States,Phoenix,Arizona Internet Exchange,0,,,,,2011,
,United States,Phoenix,Phoenix-IX,64,16.9G,,,163127,1-Sep-12,
,United States,Phoenix,48 IX,4,,,,,2020,
,United States,Pittsburgh,Three Rivers Optical Exchange,0,,,,,29-May-12,
,United States,Pittsburgh,Pittsburgh Exchange Point,0,,,,,,
,United States,Pittsburgh,Pittsburgh Internet Exchange,23,49.5G,20.2G,,,1-Oct-17,
,United States,Portland,Northwest Access Exchange,108,241G,148G,,313166,Dec-02,
,United States,Portland,MaineXchangePoint,0,,,,,,
,United States,Portland,Northern New England Neutral Internet Exchange,4,3.65G,1.92G,,344136,2017,
,United States,Reno,Tahoe Internet Exchange,14,194M,110M,,344501,12-Sep-14,
,United States,Reston,LINX NoVa,45,17G,14G,,367814,Mar-14,
,United States,Reston,Coresite - Any 2 NorthEast,23,,,,,2013,
,United States,Richardson,North Texas GigaPOP,0,,,,,20-Aug-04,
,United States,Richmond,Richmond-IX,3,,,,,Jul-17,
,United States,Richmond,DE-CIX Richmond,12,,,,333221,15-Feb-15,
,United States,Sacramento,Sacramento-IX,3,,,,,Jul-17,
,United States,Salt Lake City,Utah Regional Exchange Point,0,,,,,23-Apr-96,
,United States,Salt Lake City,Salt Lake Internet Exchange,33,160G,92.7G,,308132,2014,
,United States,San Antonio,San Antonio Metro Access Point,0,,,,,,
,United States,San Antonio,San Antonio Internet Exchange,0,,,,,,
,United States,San Diego,San Diego Network Access Point,0,,,,,Feb-98,
,United States,San Diego,Equinix-SD(former Paix),0,,,,,,
,United States,San Francisco,San Francisco Metropolitan Internet Exchange,75,100G,,,362739,May-06,
,United States,San Francisco,Equinix San Francisco,0,,,,,Jul-01,
,United States,San Francisco,PB-NAP,0,,,,,,
,United States,San Francisco,AMS-IX Bay Area,24,16.4G,15.5G,0.96%,148018,10-Sep-14,
,United States,San Jose,Equinix IBX San Jose,212,,,,,25-May-00,
,United States,San Jose,MAE-West-ATM,0,,,,,,
,United States,San Jose,KDWEB Exchange,0,,,,,,
,United States,San Jose,Coresite - Any 2 Northern California,24,,,,,2013,
,United States,Santa Clara,6IIX,0,,,,,2001,
,United States,Seattle,Seattle Internet Exchange,271,2.15T,1.08T,,816337,20-Jun-97,
,United States,Seattle,Equinix-Seattle,0,,,,51,13-Mar-00,
,United States,Seattle,NIX,0,,,,,,
,United States,Seattle,NWnet Gigapop,0,,,,,,
,United States,Seattle,Pacific Wave International Peering Exchange,0,,,,,1996,
,United States,Seattle,Megaport IX Seattle,13,1.5G,1.1G,,358486,Sep-15,
,United States,Secaucus,Equinix IBX Secaucus,0,,,,,14-Mar-00,
,United States,Spokane,Eastern Washington Internet Exchange,0,,,,,,
,United States,St. George,Southern Utah Peering Regional Network,18,,,,1475,May-06,
,United States,St. Louis,MidWest-IX - St. Louis,18,5.3G,,,344747,19-Jan-17,
,United States,St. Louis,St. Louis Internet Access Consortium,0,,,,,,
,United States,St. Louis,StLouisNAP,0,,,,,,
,United States,St. Louis,StLouIX,0,,,,,,
,United States,St. Louis,Saint Louis Internet Exchange,23,38G,,,,2019,
,United States,Takoma Park,Andrew's Basement Exchange,0,,,,,,
,United States,Tampa,Tampa Internet Exchange,12,3.4G,,,244482,5-Oct-15,
,United States,Tampa,Tampa Internet Exchange,0,,,,,16-May-05,
,United States,Tucson,Tucson Interconnect,0,,,,,,
,United States,Tucson,Tucson Network Access Point,0,,,,,,
,United States,Vienna,Equinix-VA,5,,,,,10-Sep-01,
,United States,Washington DC,MAE-East,0,,,,,Dec-93,
,United States,Washington DC,MAE-East-ATM,0,,,,,Jul-98,
,United States,Washington DC,NeutralNAP,0,,,,,,
Asia-Pacific,Uzbekistan,Tashkent,Science Network Solution IX,15,,,,,22-Sep-17,
,Uzbekistan,Tashkent,ITI-IX,5,,,,,,
,Uzbekistan,Tashkent,Uzbekistan Internet Exchange,40,,,,,24-Dec-04,
,Vanuatu,Port Vila,Vanuatu Internet Exchange,7,81.9M,,,70,14-Feb-13,
,Viet Nam,Da Nang city,Vietnam National Internet Exchange,3,,,,,Jul-05,
,Viet Nam,Hanoi,Vietnam National Internet Exchange,10,24.5G,,,,8-Nov-03,
,Viet Nam,Ho Chi Minh City,Viet Nam National Internet Exchange,15,160M,,,,Mar-04,
Africa,Zambia,Lusaka,Zambia Internet Exchange Point,13,103M,,,,Feb-06,
,Zimbabwe,Harare,Zimbabwe Internet Exchange,0,,,,,Jul-01,
,Zimbabwe,Harare,Harare Internet Exchange,10,520K,310K,,153,7-Nov-17,
