Country or Area,Demographic,% of population
Aruba,Female,0.525672950744629
Aruba,Male,0.474327049255371
Aruba,Urban,0.436969985961914
Aruba,Rural,0.563030014038086
Aruba,18-19 years old,3.49219587751698e-02
Aruba,20-29 years old,0.178482068390325
Aruba,30-39 years old,0.133968783510068
Aruba,40-49 years old,0.17003455260336
Aruba,50-59 years old,0.204992255450971
Aruba,60 or older,0.277600381270106
Afghanistan,Female,0.486845207214355
Afghanistan,Male,0.513154792785645
Afghanistan,Urban,0.260259990692139
Afghanistan,Rural,0.739740009307861
Afghanistan,18-19 years old,8.96005313832036e-02
Afghanistan,20-29 years old,0.355502022674836
Afghanistan,30-39 years old,0.229122424944169
Afghanistan,40-49 years old,0.14973493240765
Afghanistan,50-59 years old,9.29798330757041e-02
Afghanistan,60 or older,8.30602555144371e-02
Angola,Female,0.505241355895996
Angola,Male,0.494758644104004
Angola,Urban,0.668249969482422
Angola,Rural,0.331750030517578
Angola,18-19 years old,8.58921819960493e-02
Angola,20-29 years old,0.344350682836283
Angola,30-39 years old,0.240104659552731
Angola,40-49 years old,0.156581445766963
Angola,50-59 years old,9.50496008194788e-02
Angola,60 or older,7.80214290284952e-02
Albania,Female,0.491029968261719
Albania,Male,0.508970031738281
Albania,Urban,0.621119995117188
Albania,Rural,0.378880004882812
Albania,18-19 years old,3.71711356508633e-02
Albania,20-29 years old,0.208556076588971
Albania,30-39 years old,0.172417398947069
Albania,40-49 years old,0.142522886152532
Albania,50-59 years old,0.170351600486402
Albania,60 or older,0.268980902174162
Andorra,Urban,0.879160003662109
Andorra,Rural,0.120839996337891
United Arab Emirates (the),Female,0.30878942489624
United Arab Emirates (the),Male,0.69121057510376
United Arab Emirates (the),Urban,0.870479965209961
United Arab Emirates (the),Rural,0.129520034790039
United Arab Emirates (the),18-19 years old,2.07090817069799e-02
United Arab Emirates (the),20-29 years old,0.261935254917144
United Arab Emirates (the),30-39 years old,0.386236664181786
United Arab Emirates (the),40-49 years old,0.195976370848931
United Arab Emirates (the),50-59 years old,9.72397356106974e-02
United Arab Emirates (the),60 or older,3.79028927344614e-02
Argentina,Female,0.512141456604004
Argentina,Male,0.487858543395996
Argentina,Urban,0.921110000610352
Argentina,Rural,7.88899993896485e-02
Argentina,18-19 years old,4.39557223856805e-02
Argentina,20-29 years old,0.218537483826937
Argentina,30-39 years old,0.201167998951158
Argentina,40-49 years old,0.178879847925346
Argentina,50-59 years old,0.138192732475261
Argentina,60 or older,0.219266214435618
Armenia,Female,0.529653396606445
Armenia,Male,0.470346603393555
Armenia,Urban,0.633129997253418
Armenia,Rural,0.366870002746582
Armenia,18-19 years old,2.96219243634618e-02
Armenia,20-29 years old,0.182404466305329
Armenia,30-39 years old,0.224793061810922
Armenia,40-49 years old,0.157498283785779
Armenia,50-59 years old,0.161764843636046
Armenia,60 or older,0.243917420098463
American Samoa,Urban,0.871529998779297
American Samoa,Rural,0.128470001220703
Antigua and Barbuda,Female,0.517308616638184
Antigua and Barbuda,Male,0.482691383361816
Antigua and Barbuda,Urban,0.244330005645752
Antigua and Barbuda,Rural,0.755669994354248
Antigua and Barbuda,18-19 years old,3.98949768534513e-02
Antigua and Barbuda,20-29 years old,0.205817729565398
Antigua and Barbuda,30-39 years old,0.194762661507635
Antigua and Barbuda,40-49 years old,0.191529054100739
Antigua and Barbuda,50-59 years old,0.177323291646514
Antigua and Barbuda,60 or older,0.190672286326263
Australia,Female,0.502012367248535
Australia,Male,0.497987632751465
Australia,Urban,0.862409973144531
Australia,Rural,0.137590026855469
Australia,18-19 years old,3.08443896884356e-02
Australia,20-29 years old,0.171629952542438
Australia,30-39 years old,0.189064701890904
Australia,40-49 years old,0.168101511945491
Australia,50-59 years old,0.158017383902869
Australia,60 or older,0.282342060029862
Austria,Female,0.507051544189453
Austria,Male,0.492948455810547
Austria,Urban,0.587480010986328
Austria,Rural,0.412519989013672
Austria,18-19 years old,2.49908895360275e-02
Austria,20-29 years old,0.149876135314308
Austria,30-39 years old,0.167081071842055
Austria,40-49 years old,0.158326560953035
Austria,50-59 years old,0.189062283324142
Austria,60 or older,0.310663059030432
Azerbaijan,Female,0.500485572814941
Azerbaijan,Male,0.499514427185059
Azerbaijan,Urban,0.563969993591309
Azerbaijan,Rural,0.436030006408691
Azerbaijan,18-19 years old,3.48708298451249e-02
Azerbaijan,20-29 years old,0.218172013354584
Azerbaijan,30-39 years old,0.239556459890823
Azerbaijan,40-49 years old,0.173671829893126
Azerbaijan,50-59 years old,0.173708847615259
Azerbaijan,60 or older,0.160020019401083
Burundi,Female,0.503828735351562
Burundi,Male,0.496171264648438
Burundi,Urban,0.137080001831055
Burundi,Rural,0.862919998168945
Burundi,18-19 years old,7.97185522434225e-02
Burundi,20-29 years old,0.352875669798056
Burundi,30-39 years old,0.267675288057283
Burundi,40-49 years old,0.129987984102364
Burundi,50-59 years old,8.55376822966065e-02
Burundi,60 or older,8.42048235022682e-02
Belgium,Female,0.504355010986328
Belgium,Male,0.495644989013672
Belgium,Urban,0.980790023803711
Belgium,Rural,1.92099761962891e-02
Belgium,18-19 years old,2.76223088637054e-02
Belgium,20-29 years old,0.150178149552446
Belgium,30-39 years old,0.162953560851196
Belgium,40-49 years old,0.164518308204956
Belgium,50-59 years old,0.173218788886415
Belgium,60 or older,0.321508883641283
Benin,Female,0.500606346130371
Benin,Male,0.499393653869629
Benin,Urban,0.484150009155273
Benin,Rural,0.515849990844726
Benin,18-19 years old,7.92161653204699e-02
Benin,20-29 years old,0.330349968427359
Benin,30-39 years old,0.230156302599371
Benin,40-49 years old,0.157315551604725
Benin,50-59 years old,0.104256370166906
Benin,60 or older,9.87056418811686e-02
Burkina Faso,Female,0.500331344604492
Burkina Faso,Male,0.499668655395508
Burkina Faso,Urban,0.306070003509521
Burkina Faso,Rural,0.693929996490479
Burkina Faso,18-19 years old,8.56898007281684e-02
Burkina Faso,20-29 years old,0.344090912078064
Burkina Faso,30-39 years old,0.238155247843366
Burkina Faso,40-49 years old,0.155675006466298
Burkina Faso,50-59 years old,9.58777632818053e-02
Burkina Faso,60 or older,8.05112696022989e-02
Bangladesh,Female,0.494447631835937
Bangladesh,Male,0.505552368164063
Bangladesh,Urban,0.381769981384277
Bangladesh,Rural,0.618230018615723
Bangladesh,18-19 years old,5.60735816949087e-02
Bangladesh,20-29 years old,0.267473078457877
Bangladesh,30-39 years old,0.238237535078676
Bangladesh,40-49 years old,0.185575428757791
Bangladesh,50-59 years old,0.134843511708339
Bangladesh,60 or older,0.117796864302409
Bulgaria,Female,0.514406318664551
Bulgaria,Male,0.485593681335449
Bulgaria,Urban,0.756859970092773
Bulgaria,Rural,0.243140029907227
Bulgaria,18-19 years old,2.09302727160621e-02
Bulgaria,20-29 years old,0.12033759978539
Bulgaria,30-39 years old,0.167026182158276
Bulgaria,40-49 years old,0.185234928126263
Bulgaria,50-59 years old,0.164778389092683
Bulgaria,60 or older,0.341692628121327
Bahrain,Female,0.353264579772949
Bahrain,Male,0.646735420227051
Bahrain,Urban,0.895059967041016
Bahrain,Rural,0.104940032958984
Bahrain,18-19 years old,2.54013988590186e-02
Bahrain,20-29 years old,0.229626429315389
Bahrain,30-39 years old,0.380177114930023
Bahrain,40-49 years old,0.1922259319799
Bahrain,50-59 years old,0.105001284146888
Bahrain,60 or older,6.75678407687809e-02
Bahamas (the),Female,0.514064903259277
Bahamas (the),Male,0.485935096740723
Bahamas (the),Urban,0.83245002746582
Bahamas (the),Rural,0.16754997253418
Bahamas (the),18-19 years old,4.54205633354331e-02
Bahamas (the),20-29 years old,0.230401284775822
Bahamas (the),30-39 years old,0.191944538664415
Bahamas (the),40-49 years old,0.195540664954555
Bahamas (the),50-59 years old,0.17036431978181
Bahamas (the),60 or older,0.166328628487966
Bosnia and Herzegovina,Female,0.510301856994629
Bosnia and Herzegovina,Male,0.489698143005371
Bosnia and Herzegovina,Urban,0.490200004577637
Bosnia and Herzegovina,Rural,0.509799995422363
Bosnia and Herzegovina,18-19 years old,2.5722311840857e-02
Bosnia and Herzegovina,20-29 years old,0.148863237861802
Bosnia and Herzegovina,30-39 years old,0.169207570293207
Bosnia and Herzegovina,40-49 years old,0.16527735224307
Bosnia and Herzegovina,50-59 years old,0.184636453907516
Bosnia and Herzegovina,60 or older,0.306293073853548
Belarus,Female,0.534425048828125
Belarus,Male,0.465574951171875
Belarus,Urban,0.794830017089844
Belarus,Rural,0.205169982910156
Belarus,18-19 years old,2.26730481013624e-02
Belarus,20-29 years old,0.142798203644858
Belarus,30-39 years old,0.202756114157797
Belarus,40-49 years old,0.170303036887392
Belarus,50-59 years old,0.178304120127275
Belarus,60 or older,0.283165477081315
Belize,Female,0.502639465332031
Belize,Male,0.497360534667969
Belize,Urban,0.460250015258789
Belize,Rural,0.539749984741211
Belize,18-19 years old,6.22817364851232e-02
Belize,20-29 years old,0.294195936612395
Belize,30-39 years old,0.231708547393255
Belize,40-49 years old,0.170567601545888
Belize,50-59 years old,0.123430442813019
Belize,60 or older,0.117815735150321
Bermuda,Urban,1
Bermuda,Rural,0
Bolivia (Plurinational State of),Female,0.498157768249512
Bolivia (Plurinational State of),Male,0.501842231750488
Bolivia (Plurinational State of),Urban,0.701230010986328
Bolivia (Plurinational State of),Rural,0.298769989013672
Bolivia (Plurinational State of),18-19 years old,6.01471323193476e-02
Bolivia (Plurinational State of),20-29 years old,0.27341767604078
Bolivia (Plurinational State of),30-39 years old,0.219735802090461
Bolivia (Plurinational State of),40-49 years old,0.166010895234582
Bolivia (Plurinational State of),50-59 years old,0.118453367881204
Bolivia (Plurinational State of),60 or older,0.162235126433626
Brazil,Female,0.508674850463867
Brazil,Male,0.491325149536133
Brazil,Urban,0.87072998046875
Brazil,Rural,0.12927001953125
Brazil,18-19 years old,4.17711441510381e-02
Brazil,20-29 years old,0.214545775857074
Brazil,30-39 years old,0.216886705201097
Brazil,40-49 years old,0.185339835856829
Brazil,50-59 years old,0.153629103534446
Brazil,60 or older,0.187827435399515
Barbados,Female,0.516012420654297
Barbados,Male,0.483987579345703
Barbados,Urban,0.311909999847412
Barbados,Rural,0.688090000152588
Barbados,18-19 years old,3.35008228195282e-02
Barbados,20-29 years old,0.164906198573779
Barbados,30-39 years old,0.16291387822271
Barbados,40-49 years old,0.17144048272079
Barbados,50-59 years old,0.175253976961053
Barbados,60 or older,0.291984640702139
Brunei Darussalam,Female,0.481152420043945
Brunei Darussalam,Male,0.518847579956055
Brunei Darussalam,Urban,0.7825
Brunei Darussalam,Rural,0.2175
Brunei Darussalam,18-19 years old,4.31759490267435e-02
Brunei Darussalam,20-29 years old,0.217899416608828
Brunei Darussalam,30-39 years old,0.239384219049942
Brunei Darussalam,40-49 years old,0.212606376659351
Brunei Darussalam,50-59 years old,0.157012261844467
Brunei Darussalam,60 or older,0.12992177681067
Bhutan,Female,0.468532104492188
Bhutan,Male,0.531467895507812
Bhutan,Urban,0.423160018920898
Bhutan,Rural,0.576839981079102
Bhutan,18-19 years old,5.27288876336014e-02
Bhutan,20-29 years old,0.284881301006377
Bhutan,30-39 years old,0.257690906928691
Bhutan,40-49 years old,0.166498193872545
Bhutan,50-59 years old,0.109657207414785
Bhutan,60 or older,0.128543503144
Botswana,Female,0.515611953735352
Botswana,Male,0.484388046264648
Botswana,Urban,0.708769989013672
Botswana,Rural,0.291230010986328
Botswana,18-19 years old,6.11938626161614e-02
Botswana,20-29 years old,0.281874969362102
Botswana,30-39 years old,0.25580999600832
Botswana,40-49 years old,0.182787453517931
Botswana,50-59 years old,0.102651316204122
Botswana,60 or older,0.115682402291365
Central African Republic (the),Female,0.504314918518066
Central African Republic (the),Male,0.495685081481934
Central African Republic (the),Urban,0.421980018615723
Central African Republic (the),Rural,0.578019981384277
Central African Republic (the),18-19 years old,9.64056024586391e-02
Central African Republic (the),20-29 years old,0.356418645839124
Central African Republic (the),30-39 years old,0.212722939334703
Central African Republic (the),40-49 years old,0.144066556034133
Central African Republic (the),50-59 years old,9.8693497955448e-02
Central African Republic (the),60 or older,9.16927583779534e-02
Canada,Female,0.503680229187012
Canada,Male,0.496319770812988
Canada,Urban,0.815619964599609
Canada,Rural,0.184380035400391
Canada,18-19 years old,2.68460936757325e-02
Canada,20-29 years old,0.166436434566955
Canada,30-39 years old,0.172381344038405
Canada,40-49 years old,0.158274034185295
Canada,50-59 years old,0.169238897123528
Canada,60 or older,0.306823196410084
Switzerland,Female,0.503889350891113
Switzerland,Male,0.496110649108887
Switzerland,Urban,0.739150009155273
Switzerland,Rural,0.260849990844727
Switzerland,18-19 years old,2.46325497451316e-02
Switzerland,20-29 years old,0.146235932726315
Switzerland,30-39 years old,0.17148156764148
Switzerland,40-49 years old,0.16407841301659
Switzerland,50-59 years old,0.18574300606109
Switzerland,60 or older,0.307828530809394
Chile,Female,0.506927909851074
Chile,Male,0.493072090148926
Chile,Urban,0.877269973754883
Chile,Rural,0.122730026245117
Chile,18-19 years old,3.45681605339069e-02
Chile,20-29 years old,0.203743597427619
Chile,30-39 years old,0.200333698600284
Chile,40-49 years old,0.175371938724117
Chile,50-59 years old,0.159991345683034
Chile,60 or older,0.225991259031039
China,Female,0.487087364196777
China,Male,0.512912635803223
China,Urban,0.614280014038086
China,Rural,0.385719985961914
China,18-19 years old,2.91576817261585e-02
China,20-29 years old,0.163103721167366
China,30-39 years old,0.201586088698033
China,40-49 years old,0.190381698695907
China,50-59 years old,0.195732630842371
China,60 or older,0.220038178870164
"Côte d'Ivoire",Female,0.495782814025879
"Côte d'Ivoire",Male,0.504217185974121
"Côte d'Ivoire",Urban,0.517060012817383
"Côte d'Ivoire",Rural,0.482939987182617
"Côte d'Ivoire",18-19 years old,8.23404521611488e-02
"Côte d'Ivoire",20-29 years old,0.341544430583661
"Côte d'Ivoire",30-39 years old,0.232450924816455
"Côte d'Ivoire",40-49 years old,0.15516820919986
"Côte d'Ivoire",50-59 years old,9.7988131443994e-02
"Côte d'Ivoire",60 or older,9.05078517948802e-02
Cameroon,Female,0.499843940734863
Cameroon,Male,0.500156059265137
Cameroon,Urban,0.57560001373291
Cameroon,Rural,0.42439998626709
Cameroon,18-19 years old,7.98123117871571e-02
Cameroon,20-29 years old,0.334454331915314
Cameroon,30-39 years old,0.249812191283912
Cameroon,40-49 years old,0.157377458486632
Cameroon,50-59 years old,9.46741827381746e-02
Cameroon,60 or older,8.38695237888101e-02
Democratic Republic of the Congo (the),Female,0.500787506103516
Democratic Republic of the Congo (the),Male,0.499212493896484
Democratic Republic of the Congo (the),Urban,0.456380004882812
Democratic Republic of the Congo (the),Rural,0.543619995117188
Democratic Republic of the Congo (the),18-19 years old,8.34687091179575e-02
Democratic Republic of the Congo (the),20-29 years old,0.332357123356623
Democratic Republic of the Congo (the),30-39 years old,0.228987734094241
Democratic Republic of the Congo (the),40-49 years old,0.154940930949894
Democratic Republic of the Congo (the),50-59 years old,0.101964383422127
Democratic Republic of the Congo (the),60 or older,9.82811190591567e-02
Congo (the),Female,0.50042911529541
Congo (the),Male,0.49957088470459
Congo (the),Urban,0.678290023803711
Congo (the),Rural,0.321709976196289
Congo (the),18-19 years old,7.50116932725456e-02
Congo (the),20-29 years old,0.303127417317555
Congo (the),30-39 years old,0.235799825042985
Congo (the),40-49 years old,0.185779663032651
Congo (the),50-59 years old,0.11368808069797
Congo (the),60 or older,8.65933206362943e-02
Colombia,Female,0.508978996276855
Colombia,Male,0.491021003723145
Colombia,Urban,0.814250030517578
Colombia,Rural,0.185749969482422
Colombia,18-19 years old,4.67463520886883e-02
Colombia,20-29 years old,0.23857897656662
Colombia,30-39 years old,0.210620582597915
Colombia,40-49 years old,0.173958579070412
Colombia,50-59 years old,0.149504685737536
Colombia,60 or older,0.180590823938828
Comoros (the),Female,0.495566329956055
Comoros (the),Male,0.504433670043945
Comoros (the),Urban,0.293799991607666
Comoros (the),Rural,0.706200008392334
Comoros (the),18-19 years old,0.07262610979354
Comoros (the),20-29 years old,0.31743409630872
Comoros (the),30-39 years old,0.247004951588907
Comoros (the),40-49 years old,0.162112453467059
Comoros (the),50-59 years old,0.107095734226149
Comoros (the),60 or older,9.37266546156258e-02
Cabo Verde,Female,0.497980155944824
Cabo Verde,Male,0.502019844055176
Cabo Verde,Urban,0.666520004272461
Cabo Verde,Rural,0.333479995727539
Cabo Verde,18-19 years old,5.16419112262792e-02
Cabo Verde,20-29 years old,0.264383780030101
Cabo Verde,30-39 years old,0.265575391732214
Cabo Verde,40-49 years old,0.17538038353144
Cabo Verde,50-59 years old,0.129461450956126
Cabo Verde,60 or older,0.113557082523839
Costa Rica,Female,0.500388870239258
Costa Rica,Male,0.499611129760742
Costa Rica,Urban,0.807710037231445
Costa Rica,Rural,0.192289962768555
Costa Rica,18-19 years old,3.89248530631123e-02
Costa Rica,20-29 years old,0.215921929777236
Costa Rica,30-39 years old,0.216235943373842
Costa Rica,40-49 years old,0.170379744315935
Costa Rica,50-59 years old,0.157764987929202
Costa Rica,60 or older,0.200772541540673
Cuba,Female,0.503517379760742
Cuba,Male,0.496482620239258
Cuba,Urban,0.771940002441406
Cuba,Rural,0.228059997558594
Cuba,18-19 years old,2.88970793672664e-02
Cuba,20-29 years old,0.155391527283643
Cuba,30-39 years old,0.166546980704261
Cuba,40-49 years old,0.170806138812752
Cuba,50-59 years old,0.215127999461987
Cuba,60 or older,0.26323027437009
Curaçao,Female,0.540103607177734
Curaçao,Male,0.459896392822266
Curaçao,Urban,0.890619964599609
Curaçao,Rural,0.109380035400391
Curaçao,18-19 years old,3.38935200796757e-02
Curaçao,20-29 years old,0.153218786514739
Curaçao,30-39 years old,0.146827481825953
Curaçao,40-49 years old,0.159045460605253
Curaçao,50-59 years old,0.191550930464173
Curaçao,60 or older,0.315463820510207
Cayman Islands,Urban,1
Cayman Islands,Rural,0
Cyprus,Female,0.500137901306152
Cyprus,Male,0.499862098693848
Cyprus,Urban,0.668209991455078
Cyprus,Rural,0.331790008544922
Cyprus,18-19 years old,3.26508867521478e-02
Cyprus,20-29 years old,0.198797072593342
Cyprus,30-39 years old,0.195259599528613
Cyprus,40-49 years old,0.172704969771344
Cyprus,50-59 years old,0.152918752131242
Cyprus,60 or older,0.247668719223311
Czechia,Female,0.507654228210449
Czechia,Male,0.492345771789551
Czechia,Urban,0.740609970092773
Czechia,Rural,0.259390029907227
Czechia,18-19 years old,2.13600037613514e-02
Czechia,20-29 years old,0.126755134875411
Czechia,30-39 years old,0.169514246691903
Czechia,40-49 years old,0.206226871415679
Czechia,50-59 years old,0.154957357971714
Czechia,60 or older,0.321186385283942
Germany,Female,0.505682029724121
Germany,Male,0.494317970275879
Germany,Urban,0.774530029296875
Germany,Rural,0.225469970703125
Germany,18-19 years old,2.43764000406082e-02
Germany,20-29 years old,0.134595384774617
Germany,30-39 years old,0.156048563681971
Germany,40-49 years old,0.147025135240763
Germany,50-59 years old,0.193601957504489
Germany,60 or older,0.344352558757551
Djibouti,Female,0.474704513549805
Djibouti,Male,0.525295486450195
Djibouti,Urban,0.780619964599609
Djibouti,Rural,0.219380035400391
Djibouti,18-19 years old,5.6336919808111e-02
Djibouti,20-29 years old,0.273619274074463
Djibouti,30-39 years old,0.250609875586923
Djibouti,40-49 years old,0.186584125798702
Djibouti,50-59 years old,0.120473766477442
Djibouti,60 or older,0.112376038254359
Dominica,Urban,0.710899963378906
Dominica,Rural,0.289100036621094
Denmark,Female,0.502890167236328
Denmark,Male,0.497109832763672
Denmark,Urban,0.881159973144531
Denmark,Rural,0.118840026855469
Denmark,18-19 years old,2.96718368295309e-02
Denmark,20-29 years old,0.16694014493954
Denmark,30-39 years old,0.144636193578299
Denmark,40-49 years old,0.158817549796747
Denmark,50-59 years old,0.17429017382203
Denmark,60 or older,0.325644101033853
Dominican Republic (the),Female,0.500529670715332
Dominican Republic (the),Male,0.499470329284668
Dominican Republic (the),Urban,0.825400009155273
Dominican Republic (the),Rural,0.174599990844727
Dominican Republic (the),18-19 years old,5.22726010785644e-02
Dominican Republic (the),20-29 years old,0.254226547874233
Dominican Republic (the),30-39 years old,0.214476508286657
Dominican Republic (the),40-49 years old,0.174732226891995
Dominican Republic (the),50-59 years old,0.139065157380324
Dominican Republic (the),60 or older,0.165226958488228
Algeria,Female,0.494794044494629
Algeria,Male,0.505205955505371
Algeria,Urban,0.737330017089844
Algeria,Rural,0.262669982910156
Algeria,18-19 years old,3.91291020867244e-02
Algeria,20-29 years old,0.230177687090856
Algeria,30-39 years old,0.254741309190076
Algeria,40-49 years old,0.190782612154511
Algeria,50-59 years old,0.133058415355051
Algeria,60 or older,0.152110874122782
Ecuador,Female,0.499869804382324
Ecuador,Male,0.500130195617676
Ecuador,Urban,0.641660003662109
Ecuador,Rural,0.358339996337891
Ecuador,18-19 years old,5.27964130469104e-02
Ecuador,20-29 years old,0.255649387965604
Ecuador,30-39 years old,0.218319057793308
Ecuador,40-49 years old,0.175831430044942
Ecuador,50-59 years old,0.133975139720664
Ecuador,60 or older,0.163428571428571
Egypt,Female,0.494765586853027
Egypt,Male,0.505234413146973
Egypt,Urban,0.427830009460449
Egypt,Rural,0.572169990539551
Egypt,18-19 years old,5.49432888329088e-02
Egypt,20-29 years old,0.264830953979636
Egypt,30-39 years old,0.24377454871868
Egypt,40-49 years old,0.1756105555709
Egypt,50-59 years old,0.12582847038496
Egypt,60 or older,0.135012182512916
Eritrea,Female,0.500130844116211
Eritrea,Male,0.499869155883789
Eritrea,Urban,0.357709999084473
Eritrea,Rural,0.642290000915527
Eritrea,18-19 years old,7.32377246842903e-02
Eritrea,20-29 years old,0.309403055122401
Eritrea,30-39 years old,0.249131109001213
Eritrea,40-49 years old,0.151848840000779
Eritrea,50-59 years old,9.29718775615252e-02
Eritrea,60 or older,0.123407393629791
Western Sahara,18-19 years old,4.7956158874797e-02
Western Sahara,20-29 years old,0.258692700620212
Western Sahara,30-39 years old,0.267883763851277
Western Sahara,40-49 years old,0.204012034625421
Western Sahara,50-59 years old,0.128012044481789
Western Sahara,60 or older,9.34432975465036e-02
Spain,Female,0.508535041809082
Spain,Male,0.491464958190918
Spain,Urban,0.808099975585937
Spain,Rural,0.191900024414063
Spain,18-19 years old,2.27155500563363e-02
Spain,20-29 years old,0.119433663529618
Spain,30-39 years old,0.152654365638108
Spain,40-49 years old,0.205328357550366
Spain,50-59 years old,0.182252432062131
Spain,60 or older,0.31761563116344
Estonia,Female,0.526243858337402
Estonia,Male,0.473756141662598
Estonia,Urban,0.692289962768555
Estonia,Rural,0.307710037231445
Estonia,18-19 years old,2.18765292097185e-02
Estonia,20-29 years old,0.136188201214292
Estonia,30-39 years old,0.181171644814464
Estonia,40-49 years old,0.173038003463792
Estonia,50-59 years old,0.154647721541846
Estonia,60 or older,0.333077899755888
Ethiopia,Female,0.499695167541504
Ethiopia,Male,0.500304832458496
Ethiopia,Urban,0.216949996948242
Ethiopia,Rural,0.783050003051758
Ethiopia,18-19 years old,8.29821659066923e-02
Ethiopia,20-29 years old,0.350463879385883
Ethiopia,30-39 years old,0.225472054924844
Ethiopia,40-49 years old,0.147754780812431
Ethiopia,50-59 years old,9.32443165557569e-02
Ethiopia,60 or older,0.100082802414392
Finland,Female,0.506849822998047
Finland,Male,0.493150177001953
Finland,Urban,0.855169982910156
Finland,Rural,0.144830017089844
Finland,18-19 years old,2.64151995396782e-02
Finland,20-29 years old,0.149950934694078
Finland,30-39 years old,0.15758438117498
Finland,40-49 years old,0.147097787154703
Finland,50-59 years old,0.160701143221628
Finland,60 or older,0.358250554214933
Fiji,Female,0.493534469604492
Fiji,Male,0.506465530395508
Fiji,Urban,0.572470016479492
Fiji,Rural,0.427529983520508
Fiji,18-19 years old,4.98162854095058e-02
Fiji,20-29 years old,0.240344401361351
Fiji,30-39 years old,0.228507086134205
Fiji,40-49 years old,0.180367090536582
Fiji,50-59 years old,0.154823142958736
Fiji,60 or older,0.146141993599621
France,Female,0.516048774719238
France,Male,0.483951225280762
France,Urban,0.809749984741211
France,Rural,0.190250015258789
France,18-19 years old,2.98151898699696e-02
France,20-29 years old,0.143419435893554
France,30-39 years old,0.155872439508115
France,40-49 years old,0.161993999016634
France,50-59 years old,0.168013855846814
France,60 or older,0.340885079864912
Faroe Islands,Urban,0.423979988098145
Faroe Islands,Rural,0.576020011901855
Micronesia (Federated States of),Female,0.49157112121582
Micronesia (Federated States of),Male,0.50842887878418
Micronesia (Federated States of),Urban,0.229330005645752
Micronesia (Federated States of),Rural,0.770669994354248
Micronesia (Federated States of),18-19 years old,6.35948526359485e-02
Micronesia (Federated States of),20-29 years old,0.309229279092293
Micronesia (Federated States of),30-39 years old,0.208772658087726
Micronesia (Federated States of),40-49 years old,0.158143074581431
Micronesia (Federated States of),50-59 years old,0.13539504635395
Micronesia (Federated States of),60 or older,0.124865089248651
Gabon,Female,0.491018676757813
Gabon,Male,0.508981323242187
Gabon,Urban,0.900920028686523
Gabon,Rural,9.90799713134766e-02
Gabon,18-19 years old,5.82241140259746e-02
Gabon,20-29 years old,0.287642984585731
Gabon,30-39 years old,0.274062237977395
Gabon,40-49 years old,0.181758255351231
Gabon,50-59 years old,0.105025901827494
Gabon,60 or older,9.32865062321746e-02
United Kingdom of Great Britain and Northern Ireland (the),Female,0.50590087890625
United Kingdom of Great Britain and Northern Ireland (the),Male,0.49409912109375
United Kingdom of Great Britain and Northern Ireland (the),Urban,0.839029998779297
United Kingdom of Great Britain and Northern Ireland (the),Rural,0.160970001220703
United Kingdom of Great Britain and Northern Ireland (the),18-19 years old,2.77022883871468e-02
United Kingdom of Great Britain and Northern Ireland (the),20-29 years old,0.159419443020546
United Kingdom of Great Britain and Northern Ireland (the),30-39 years old,0.17313451073189
United Kingdom of Great Britain and Northern Ireland (the),40-49 years old,0.160267771992776
United Kingdom of Great Britain and Northern Ireland (the),50-59 years old,0.170870282259747
United Kingdom of Great Britain and Northern Ireland (the),60 or older,0.308605703607894
Georgia,Female,0.523403472900391
Georgia,Male,0.476596527099609
Georgia,Urban,0.594529991149902
Georgia,Rural,0.405470008850098
Georgia,18-19 years old,2.82121027285531e-02
Georgia,20-29 years old,0.164107804869895
Georgia,30-39 years old,0.185208213223661
Georgia,40-49 years old,0.169760975879957
Georgia,50-59 years old,0.171621658383674
Georgia,60 or older,0.28108924491426
Ghana,Female,0.493128204345703
Ghana,Male,0.506871795654297
Ghana,Urban,0.573489990234375
Ghana,Rural,0.426510009765625
Ghana,18-19 years old,6.92163882275152e-02
Ghana,20-29 years old,0.306428336398322
Ghana,30-39 years old,0.237851472088473
Ghana,40-49 years old,0.172056170713324
Ghana,50-59 years old,0.121183113003995
Ghana,60 or older,9.32645195683704e-02
Gibraltar,Urban,1
Gibraltar,Rural,0
Guinea,Female,0.516231269836426
Guinea,Male,0.483768730163574
Guinea,Urban,0.36875
Guinea,Rural,0.63125
Guinea,18-19 years old,8.88429827775742e-02
Guinea,20-29 years old,0.361203584951753
Guinea,30-39 years old,0.224573409063149
Guinea,40-49 years old,0.13717463661903
Guinea,50-59 years old,9.38261878588005e-02
Guinea,60 or older,9.43791987296934e-02
Guadeloupe,18-19 years old,3.8652259306554e-02
Guadeloupe,20-29 years old,0.151931964763763
Guadeloupe,30-39 years old,0.109416424131248
Guadeloupe,40-49 years old,0.159804372767756
Guadeloupe,50-59 years old,0.201597168655565
Guadeloupe,60 or older,0.338597810375114
Gambia (the),Female,0.504051856994629
Gambia (the),Male,0.495948143005371
Gambia (the),Urban,0.625820007324219
Gambia (the),Rural,0.374179992675781
Gambia (the),18-19 years old,0.08252529854583
Gambia (the),20-29 years old,0.358780821173451
Gambia (the),30-39 years old,0.236689056733112
Gambia (the),40-49 years old,0.145514811300644
Gambia (the),50-59 years old,9.68981328607315e-02
Gambia (the),60 or older,7.95918793862307e-02
Guinea-Bissau,Female,0.5108251953125
Guinea-Bissau,Male,0.4891748046875
Guinea-Bissau,Urban,0.441959991455078
Guinea-Bissau,Rural,0.558040008544922
Guinea-Bissau,18-19 years old,7.80288607455233e-02
Guinea-Bissau,20-29 years old,0.337389288966145
Guinea-Bissau,30-39 years old,0.250793256628866
Guinea-Bissau,40-49 years old,0.154290877844392
Guinea-Bissau,50-59 years old,9.08431578905877e-02
Guinea-Bissau,60 or older,8.86545579244859e-02
Equatorial Guinea,Female,0.443771667480469
Equatorial Guinea,Male,0.556228332519531
Equatorial Guinea,Urban,0.730999984741211
Equatorial Guinea,Rural,0.269000015258789
Equatorial Guinea,18-19 years old,5.96270302984175e-02
Equatorial Guinea,20-29 years old,0.351566480112252
Equatorial Guinea,30-39 years old,0.305649296523312
Equatorial Guinea,40-49 years old,0.141618493561847
Equatorial Guinea,50-59 years old,7.63776444057614e-02
Equatorial Guinea,60 or older,6.51610550984107e-02
Greece,Female,0.509181747436523
Greece,Male,0.490818252563477
Greece,Urban,0.797149963378906
Greece,Rural,0.202850036621094
Greece,18-19 years old,2.41224953406374e-02
Greece,20-29 years old,0.121763755629415
Greece,30-39 years old,0.153931728100074
Greece,40-49 years old,0.181330922665522
Greece,50-59 years old,0.173416743852417
Greece,60 or older,0.345434354411935
Grenada,Female,0.49638729095459
Grenada,Male,0.50361270904541
Grenada,Urban,0.365369987487793
Grenada,Rural,0.634630012512207
Grenada,18-19 years old,3.73136164558831e-02
Grenada,20-29 years old,0.225001230254417
Grenada,30-39 years old,0.224029329265292
Grenada,40-49 years old,0.158346045962305
Grenada,50-59 years old,0.149414398897692
Grenada,60 or older,0.205895379164411
Greenland,Urban,0.872819976806641
Greenland,Rural,0.127180023193359
Guatemala,Female,0.507293891906738
Guatemala,Male,0.492706108093262
Guatemala,Urban,0.518359985351562
Guatemala,Rural,0.481640014648438
Guatemala,18-19 years old,7.15558526792963e-02
Guatemala,20-29 years old,0.317003859595287
Guatemala,30-39 years old,0.235170427378942
Guatemala,40-49 years old,0.15807594958341
Guatemala,50-59 years old,9.7875327902136e-02
Guatemala,60 or older,0.12031858286093
French Guiana,18-19 years old,6.0243681098874e-02
French Guiana,20-29 years old,0.247595676244583
French Guiana,30-39 years old,0.207912923475114
French Guiana,40-49 years old,0.198628555472622
French Guiana,50-59 years old,0.1434324775677
French Guiana,60 or older,0.142186686141107
Guam,Female,0.495565299987793
Guam,Male,0.504434700012207
Guam,Urban,0.949380035400391
Guam,Rural,5.06199645996094e-02
Guam,18-19 years old,4.64775846294602e-02
Guam,20-29 years old,0.224827414122931
Guam,30-39 years old,0.181610247026533
Guam,40-49 years old,0.165815520252849
Guam,50-59 years old,0.167711885552691
Guam,60 or older,0.213557348415537
Guyana,Female,0.497114639282227
Guyana,Male,0.502885360717773
Guyana,Urban,0.267859992980957
Guyana,Rural,0.732140007019043
Guyana,18-19 years old,5.83229991414671e-02
Guyana,20-29 years old,0.277222169226366
Guyana,30-39 years old,0.177638080702089
Guyana,40-49 years old,0.172708194219212
Guyana,50-59 years old,0.151363159400935
Guyana,60 or older,0.16274539730993
"China, Hong Kong Special Administrative Region",Female,0.541193618774414
"China, Hong Kong Special Administrative Region",Male,0.458806381225586
"China, Hong Kong Special Administrative Region",Urban,1
"China, Hong Kong Special Administrative Region",Rural,0
"China, Hong Kong Special Administrative Region",18-19 years old,1.76993351311555e-02
"China, Hong Kong Special Administrative Region",20-29 years old,0.135709292757048
"China, Hong Kong Special Administrative Region",30-39 years old,0.175522277962946
"China, Hong Kong Special Administrative Region",40-49 years old,0.176611701234935
"China, Hong Kong Special Administrative Region",50-59 years old,0.188933367806971
"China, Hong Kong Special Administrative Region",60 or older,0.305524025106944
Honduras,Female,0.500345687866211
Honduras,Male,0.499654312133789
Honduras,Urban,0.58359001159668
Honduras,Rural,0.41640998840332
Honduras,18-19 years old,6.66613338922081e-02
Honduras,20-29 years old,0.30483493329899
Honduras,30-39 years old,0.235325257912971
Honduras,40-49 years old,0.167620193403731
Honduras,50-59 years old,0.108790358770401
Honduras,60 or older,0.116767922721699
Croatia,Female,0.517865333557129
Croatia,Male,0.482134666442871
Croatia,Urban,0.575530014038086
Croatia,Rural,0.424469985961914
Croatia,18-19 years old,2.39325303847014e-02
Croatia,20-29 years old,0.139186147175939
Croatia,30-39 years old,0.158961957849766
Croatia,40-49 years old,0.164182470032385
Croatia,50-59 years old,0.171369038127041
Croatia,60 or older,0.342367856430167
Haiti,Female,0.506561813354492
Haiti,Male,0.493438186645508
Haiti,Urban,0.570880012512207
Haiti,Rural,0.429119987487793
Haiti,18-19 years old,6.41399741565878e-02
Haiti,20-29 years old,0.291877941772517
Haiti,30-39 years old,0.247220748168354
Haiti,40-49 years old,0.157968178424905
Haiti,50-59 years old,0.112731071328075
Haiti,60 or older,0.126062086149561
Hungary,Female,0.524003982543945
Hungary,Male,0.475996017456055
Hungary,Urban,0.719420013427734
Hungary,Rural,0.280579986572266
Hungary,18-19 years old,2.44739607005718e-02
Hungary,20-29 years old,0.144361383665174
Hungary,30-39 years old,0.157579521037435
Hungary,40-49 years old,0.199078420612332
Hungary,50-59 years old,0.150590900327984
Hungary,60 or older,0.323915813656502
Indonesia,Female,0.496504669189453
Indonesia,Male,0.503495330810547
Indonesia,Urban,0.56640998840332
Indonesia,Rural,0.43359001159668
Indonesia,18-19 years old,4.94494018934977e-02
Indonesia,20-29 years old,0.231038054311987
Indonesia,30-39 years old,0.218286549755728
Indonesia,40-49 years old,0.20068275263887
Indonesia,50-59 years old,0.154595292479832
Indonesia,60 or older,0.145947948920086
Isle of Man,Urban,0.528979988098145
Isle of Man,Rural,0.471020011901855
India,Female,0.480363273620605
India,Male,0.519636726379395
India,Urban,0.349259986877441
India,Rural,0.650740013122559
India,18-19 years old,5.31458398700703e-02
India,20-29 years old,0.254386590571794
India,30-39 years old,0.228655702592609
India,40-49 years old,0.179903711043286
India,50-59 years old,0.135868443004496
India,60 or older,0.148039712917744
Ireland,Female,0.503554000854492
Ireland,Male,0.496445999145508
Ireland,Urban,0.636529998779297
Ireland,Rural,0.363470001220703
Ireland,18-19 years old,3.24216612806303e-02
Ireland,20-29 years old,0.152606843377435
Ireland,30-39 years old,0.187196278927642
Ireland,40-49 years old,0.205299171140385
Ireland,50-59 years old,0.161643764131957
Ireland,60 or older,0.260832281141951
Iran (Islamic Republic of),Female,0.495095672607422
Iran (Islamic Republic of),Male,0.504904327392578
Iran (Islamic Republic of),Urban,0.758740005493164
Iran (Islamic Republic of),Rural,0.241259994506836
Iran (Islamic Republic of),18-19 years old,3.61379288447985e-02
Iran (Islamic Republic of),20-29 years old,0.20625921127775
Iran (Islamic Republic of),30-39 years old,0.279728667581023
Iran (Islamic Republic of),40-49 years old,0.194774064417428
Iran (Islamic Republic of),50-59 years old,0.138621187808339
Iran (Islamic Republic of),60 or older,0.144478940070661
Iraq,Female,0.49387092590332
Iraq,Male,0.50612907409668
Iraq,Urban,0.708929977416992
Iraq,Rural,0.291070022583008
Iraq,18-19 years old,7.18877379996795e-02
Iraq,20-29 years old,0.318181319645277
Iraq,30-39 years old,0.239945487794411
Iraq,40-49 years old,0.174801927900144
Iraq,50-59 years old,0.103956664119798
Iraq,60 or older,9.12268625406914e-02
Iceland,Female,0.49771427154541
Iceland,Male,0.50228572845459
Iceland,Urban,0.938980026245117
Iceland,Rural,6.10199737548828e-02
Iceland,18-19 years old,3.24794546169379e-02
Iceland,20-29 years old,0.182448345490703
Iceland,30-39 years old,0.178909920948466
Iceland,40-49 years old,0.164004259850905
Iceland,50-59 years old,0.160740664399327
Iceland,60 or older,0.281417354693661
Israel,Female,0.502270622253418
Israel,Male,0.497729377746582
Israel,Urban,0.925869979858398
Israel,Rural,7.41300201416015e-02
Israel,18-19 years old,4.46353673039038e-02
Israel,20-29 years old,0.204959542333077
Israel,30-39 years old,0.192163429967697
Israel,40-49 years old,0.178110822586431
Israel,50-59 years old,0.136213785657841
Israel,60 or older,0.24391705215105
Italy,Female,0.51311882019043
Italy,Male,0.48688117980957
Italy,Urban,0.710390014648438
Italy,Rural,0.289609985351562
Italy,18-19 years old,2.2648812863448e-02
Italy,20-29 years old,0.119943583574936
Italy,30-39 years old,0.13753191700096
Italy,40-49 years old,0.177298736447373
Italy,50-59 years old,0.188012669130873
Italy,60 or older,0.35456428098241
Jamaica,Female,0.503694343566895
Jamaica,Male,0.496305656433105
Jamaica,Urban,0.563110008239746
Jamaica,Rural,0.436889991760254
Jamaica,18-19 years old,4.63269361150513e-02
Jamaica,20-29 years old,0.242201907278471
Jamaica,30-39 years old,0.208320158167765
Jamaica,40-49 years old,0.167935789450439
Jamaica,50-59 years old,0.150600012309872
Jamaica,60 or older,0.184615196678402
Jordan,Female,0.493687324523926
Jordan,Male,0.506312675476074
Jordan,Urban,0.914179992675781
Jordan,Rural,8.58200073242188e-02
Jordan,18-19 years old,6.48785595967473e-02
Jordan,20-29 years old,0.290082623215062
Jordan,30-39 years old,0.239883962830899
Jordan,40-49 years old,0.183676970442418
Jordan,50-59 years old,0.121597471205952
Jordan,60 or older,9.98804127089217e-02
Japan,Female,0.511742782592773
Japan,Male,0.488257217407227
Japan,Urban,0.917819976806641
Japan,Rural,8.21800231933594e-02
Japan,18-19 years old,2.15246321524063e-02
Japan,20-29 years old,0.113167052058162
Japan,30-39 years old,0.134669716583231
Japan,40-49 years old,0.172099078620135
Japan,50-59 years old,0.154104256626531
Japan,60 or older,0.404435263959535
Kazakhstan,Female,0.514667892456055
Kazakhstan,Male,0.485332107543945
Kazakhstan,Urban,0.576710014343262
Kazakhstan,Rural,0.423289985656738
Kazakhstan,18-19 years old,3.28928846321703e-02
Kazakhstan,20-29 years old,0.204184315561445
Kazakhstan,30-39 years old,0.237535608579386
Kazakhstan,40-49 years old,0.181428866159352
Kazakhstan,50-59 years old,0.161830856272268
Kazakhstan,60 or older,0.182127468795379
Kenya,Female,0.503108024597168
Kenya,Male,0.496891975402832
Kenya,Urban,0.279950008392334
Kenya,Rural,0.720049991607666
Kenya,18-19 years old,7.88269149201059e-02
Kenya,20-29 years old,0.327205471221252
Kenya,30-39 years old,0.254763689469526
Kenya,40-49 years old,0.1672146479915
Kenya,50-59 years old,9.56829721222011e-02
Kenya,60 or older,7.63063042754139e-02
Kyrgyzstan,Female,0.505337905883789
Kyrgyzstan,Male,0.494662094116211
Kyrgyzstan,Urban,0.368559989929199
Kyrgyzstan,Rural,0.631440010070801
Kyrgyzstan,18-19 years old,4.79261800740869e-02
Kyrgyzstan,20-29 years old,0.264773557166996
Kyrgyzstan,30-39 years old,0.248090431903094
Kyrgyzstan,40-49 years old,0.167830015249161
Kyrgyzstan,50-59 years old,0.142158026493981
Kyrgyzstan,60 or older,0.129221789112681
Cambodia,Female,0.511786689758301
Cambodia,Male,0.488213310241699
Cambodia,Urban,0.242320003509521
Cambodia,Rural,0.757679996490479
Cambodia,18-19 years old,5.4329102694328e-02
Cambodia,20-29 years old,0.292241897462029
Cambodia,30-39 years old,0.270837762512032
Cambodia,40-49 years old,0.133961517420686
Cambodia,50-59 years old,0.130061684164032
Cambodia,60 or older,0.118568035746894
Kiribati,Female,0.508196182250977
Kiribati,Male,0.491803817749023
Kiribati,Urban,0.555940017700195
Kiribati,Rural,0.444059982299805
Kiribati,18-19 years old,5.6522481016978e-02
Kiribati,20-29 years old,0.291840855444643
Kiribati,30-39 years old,0.236100446492051
Kiribati,40-49 years old,0.158874385006967
Kiribati,50-59 years old,0.142024286892472
Kiribati,60 or older,0.114637545146887
Saint Kitts and Nevis,Urban,0.308430004119873
Saint Kitts and Nevis,Rural,0.691569995880127
Republic of Korea (the),Female,0.49939022064209
Republic of Korea (the),Male,0.50060977935791
Republic of Korea (the),Urban,0.814140014648438
Republic of Korea (the),Rural,0.185859985351562
Republic of Korea (the),18-19 years old,2.4424534168092e-02
Republic of Korea (the),20-29 years old,0.154672449940977
Republic of Korea (the),30-39 years old,0.163044685553919
Republic of Korea (the),40-49 years old,0.18927532611924
Republic of Korea (the),50-59 years old,0.195213580844172
Republic of Korea (the),60 or older,0.2733694233736
Kuwait,Female,0.387798271179199
Kuwait,Male,0.612201728820801
Kuwait,Urban,1
Kuwait,Rural,0
Kuwait,18-19 years old,2.59396738450312e-02
Kuwait,20-29 years old,0.138491653119939
Kuwait,30-39 years old,0.273494258698804
Kuwait,40-49 years old,0.30051912345463
Kuwait,50-59 years old,0.174732235524406
Kuwait,60 or older,8.68230553571884e-02
"Lao People's Democratic Republic (the)",Female,0.498073539733887
"Lao People's Democratic Republic (the)",Male,0.501926460266113
"Lao People's Democratic Republic (the)",Urban,0.362900009155273
"Lao People's Democratic Republic (the)",Rural,0.637099990844727
"Lao People's Democratic Republic (the)",18-19 years old,6.18360805962057e-02
"Lao People's Democratic Republic (the)",20-29 years old,0.301319181513061
"Lao People's Democratic Republic (the)",30-39 years old,0.240265684961163
"Lao People's Democratic Republic (the)",40-49 years old,0.170864698980452
"Lao People's Democratic Republic (the)",50-59 years old,0.116442712150154
"Lao People's Democratic Republic (the)",60 or older,0.109271641798966
Lebanon,Female,0.496626586914062
Lebanon,Male,0.503373413085938
Lebanon,Urban,0.889250030517578
Lebanon,Rural,0.110749969482422
Lebanon,18-19 years old,4.88810181231367e-02
Lebanon,20-29 years old,0.24658238194288
Lebanon,30-39 years old,0.211598178779321
Lebanon,40-49 years old,0.180810747088195
Lebanon,50-59 years old,0.151896511073504
Lebanon,60 or older,0.160231162992964
Liberia,Female,0.497291145324707
Liberia,Male,0.502708854675293
Liberia,Urban,0.520890007019043
Liberia,Rural,0.479109992980957
Liberia,18-19 years old,7.88192847662311e-02
Liberia,20-29 years old,0.314378703755632
Liberia,30-39 years old,0.235473052548932
Liberia,40-49 years old,0.166076309049782
Liberia,50-59 years old,0.106117809806891
Liberia,60 or older,9.91348400725328e-02
Libya,Female,0.495183792114258
Libya,Male,0.504816207885742
Libya,Urban,0.806910018920898
Libya,Rural,0.193089981079102
Libya,18-19 years old,4.7556563289735e-02
Libya,20-29 years old,0.23711201181863
Libya,30-39 years old,0.251842439919261
Libya,40-49 years old,0.227108169681752
Libya,50-59 years old,0.133588177041338
Libya,60 or older,0.102792638249284
Saint Lucia,Female,0.507583236694336
Saint Lucia,Male,0.492416763305664
Saint Lucia,Urban,0.188409996032715
Saint Lucia,Rural,0.811590003967285
Saint Lucia,18-19 years old,3.91451115785942e-02
Saint Lucia,20-29 years old,0.229349398600812
Saint Lucia,30-39 years old,0.198814674000405
Saint Lucia,40-49 years old,0.178337049125333
Saint Lucia,50-59 years old,0.163366717220075
Saint Lucia,60 or older,0.19098704947478
Liechtenstein,Urban,0.144160003662109
Liechtenstein,Rural,0.855839996337891
Sri Lanka,Female,0.520514106750488
Sri Lanka,Male,0.479485893249512
Sri Lanka,Urban,0.187129993438721
Sri Lanka,Rural,0.812870006561279
Sri Lanka,18-19 years old,4.23615371234611e-02
Sri Lanka,20-29 years old,0.189339158115645
Sri Lanka,30-39 years old,0.18399955683841
Sri Lanka,40-49 years old,0.187985140254249
Sri Lanka,50-59 years old,0.166695701841509
Sri Lanka,60 or older,0.229618905826727
Lesotho,Female,0.506617317199707
Lesotho,Male,0.493382682800293
Lesotho,Urban,0.290279998779297
Lesotho,Rural,0.709720001220703
Lesotho,18-19 years old,6.52997108119975e-02
Lesotho,20-29 years old,0.299174830045271
Lesotho,30-39 years old,0.247763713719018
Lesotho,40-49 years old,0.159167713900707
Lesotho,50-59 years old,0.106568807061638
Lesotho,60 or older,0.122025224461368
Lithuania,Female,0.537159309387207
Lithuania,Male,0.462840690612793
Lithuania,Urban,0.680459976196289
Lithuania,Rural,0.319540023803711
Lithuania,18-19 years old,2.22092275462995e-02
Lithuania,20-29 years old,0.142208527449408
Lithuania,30-39 years old,0.151492440524301
Lithuania,40-49 years old,0.159724861921596
Lithuania,50-59 years old,0.188738043938261
Lithuania,60 or older,0.335626898620136
Luxembourg,Female,0.494250564575195
Luxembourg,Male,0.505749435424805
Luxembourg,Urban,0.914530029296875
Luxembourg,Rural,8.5469970703125e-02
Luxembourg,18-19 years old,2.8163779032036e-02
Luxembourg,20-29 years old,0.168209797636138
Luxembourg,30-39 years old,0.193348935082303
Luxembourg,40-49 years old,0.18604102342229
Luxembourg,50-59 years old,0.178678046765915
Luxembourg,60 or older,0.245558418061319
Latvia,Female,0.539107704162598
Latvia,Male,0.460892295837402
Latvia,Urban,0.683150024414062
Latvia,Rural,0.316849975585938
Latvia,18-19 years old,2.07085013190149e-02
Latvia,20-29 years old,0.123732342193161
Latvia,30-39 years old,0.173034510005515
Latvia,40-49 years old,0.166897951697694
Latvia,50-59 years old,0.173705028428009
Latvia,60 or older,0.341921666356607
"China, Macao Special Administrative Region",Female,0.519359588623047
"China, Macao Special Administrative Region",Male,0.480640411376953
"China, Macao Special Administrative Region",Urban,1
"China, Macao Special Administrative Region",Rural,0
"China, Macao Special Administrative Region",18-19 years old,1.81219080069397e-02
"China, Macao Special Administrative Region",20-29 years old,0.162512119600913
"China, Macao Special Administrative Region",30-39 years old,0.238808111991552
"China, Macao Special Administrative Region",40-49 years old,0.171839842808546
"China, Macao Special Administrative Region",50-59 years old,0.18327044326003
"China, Macao Special Administrative Region",60 or older,0.225447574332019
Morocco,Female,0.503749389648438
Morocco,Male,0.496250610351562
Morocco,Urban,0.635320014953613
Morocco,Rural,0.364679985046387
Morocco,18-19 years old,4.64143598087942e-02
Morocco,20-29 years old,0.233168547013642
Morocco,30-39 years old,0.222193457892218
Morocco,40-49 years old,0.176460656817006
Morocco,50-59 years old,0.148375221366884
Morocco,60 or older,0.173387757101456
Monaco,Urban,1
Monaco,Rural,0
Republic of Moldova (the),Female,0.521078147888184
Republic of Moldova (the),Male,0.478921852111816
Republic of Moldova (the),Urban,0.428489990234375
Republic of Moldova (the),Rural,0.571510009765625
Republic of Moldova (the),18-19 years old,2.51091115975453e-02
Republic of Moldova (the),20-29 years old,0.174417531676279
Republic of Moldova (the),30-39 years old,0.236457145511055
Republic of Moldova (the),40-49 years old,0.171965499835614
Republic of Moldova (the),50-59 years old,0.1591956846684
Republic of Moldova (the),60 or older,0.232855026711106
Madagascar,Female,0.501115531921387
Madagascar,Male,0.498884468078613
Madagascar,Urban,0.385340003967285
Madagascar,Rural,0.614659996032715
Madagascar,18-19 years old,7.91118359732732e-02
Madagascar,20-29 years old,0.332067490813253
Madagascar,30-39 years old,0.228501589251252
Madagascar,40-49 years old,0.161864206292879
Madagascar,50-59 years old,0.104375067362697
Madagascar,60 or older,9.40798103066452e-02
Maldives,Female,0.365584907531738
Maldives,Male,0.634415092468262
Maldives,Urban,0.406689987182617
Maldives,Rural,0.593310012817383
Maldives,18-19 years old,2.79115060261044e-02
Maldives,20-29 years old,0.332576201292362
Maldives,30-39 years old,0.327631033842374
Maldives,40-49 years old,0.153923991562025
Maldives,50-59 years old,8.40845130783846e-02
Maldives,60 or older,7.38727541987495e-02
Mexico,Female,0.510818748474121
Mexico,Male,0.489181251525879
Mexico,Urban,0.807310028076172
Mexico,Rural,0.192689971923828
Mexico,18-19 years old,5.02646427136598e-02
Mexico,20-29 years old,0.24454825838911
Mexico,30-39 years old,0.212420174357982
Mexico,40-49 years old,0.186179663887912
Mexico,50-59 years old,0.143540578286903
Mexico,60 or older,0.163046682364433
Marshall Islands (the),Urban,0.777939987182617
Marshall Islands (the),Rural,0.222060012817383
North Macedonia,Female,0.49978832244873
North Macedonia,Male,0.500211677551269
North Macedonia,Urban,0.584819984436035
North Macedonia,Rural,0.415180015563965
North Macedonia,18-19 years old,2.95906087156249e-02
North Macedonia,20-29 years old,0.169263593341021
North Macedonia,30-39 years old,0.194980046032893
North Macedonia,40-49 years old,0.179382934333743
North Macedonia,50-59 years old,0.169173274125399
North Macedonia,60 or older,0.257609543451319
Mali,Female,0.499024391174316
Mali,Male,0.500975608825684
Mali,Urban,0.439090003967285
Mali,Rural,0.560909996032715
Mali,18-19 years old,9.00026888798616e-02
Mali,20-29 years old,0.343762238641628
Mali,30-39 years old,0.231811809311421
Mali,40-49 years old,0.159440167916577
Mali,50-59 years old,9.11084987702613e-02
Mali,60 or older,8.38745964802498e-02
Malta,Female,0.498526725769043
Malta,Male,0.501473274230957
Malta,Urban,0.947440032958984
Malta,Rural,5.25599670410156e-02
Malta,18-19 years old,2.33621626937513e-02
Malta,20-29 years old,0.15082690910283
Malta,30-39 years old,0.178529866525343
Malta,40-49 years old,0.162393255787271
Malta,50-59 years old,0.145363353748819
Malta,60 or older,0.339524452141987
Myanmar,Female,0.518097991943359
Myanmar,Male,0.481902008056641
Myanmar,Urban,0.311410007476807
Myanmar,Rural,0.688589992523193
Myanmar,18-19 years old,5.38146975430474e-02
Myanmar,20-29 years old,0.244418124093209
Myanmar,30-39 years old,0.215341026821258
Myanmar,40-49 years old,0.192587135638029
Myanmar,50-59 years old,0.148661321791288
Myanmar,60 or older,0.145177694113168
Montenegro,Female,0.505521736145019
Montenegro,Male,0.494478263854981
Montenegro,Urban,0.674879989624023
Montenegro,Rural,0.325120010375977
Montenegro,18-19 years old,3.21207249193573e-02
Montenegro,20-29 years old,0.171351235843009
Montenegro,30-39 years old,0.179801166139224
Montenegro,40-49 years old,0.170793605568162
Montenegro,50-59 years old,0.163463006115617
Montenegro,60 or older,0.282470261414631
Mongolia,Female,0.507353515625
Mongolia,Male,0.492646484375
Mongolia,Urban,0.686569976806641
Mongolia,Rural,0.313430023193359
Mongolia,18-19 years old,3.98393625701989e-02
Mongolia,20-29 years old,0.235297882292707
Mongolia,30-39 years old,0.265539280783272
Mongolia,40-49 years old,0.19907728535167
Mongolia,50-59 years old,0.147786811881598
Mongolia,60 or older,0.112459377120554
Northern Mariana Islands,Urban,0.917979965209961
Northern Mariana Islands,Rural,8.20200347900391e-02
Mozambique,Female,0.514061012268066
Mozambique,Male,0.485938987731934
Mozambique,Urban,0.370740013122559
Mozambique,Rural,0.629259986877441
Mozambique,18-19 years old,8.80015201942499e-02
Mozambique,20-29 years old,0.346327919767235
Mozambique,30-39 years old,0.234749586590892
Mozambique,40-49 years old,0.149748814719457
Mozambique,50-59 years old,9.15888908076653e-02
Mozambique,60 or older,8.95832679204998e-02
Mauritania,Female,0.49781681060791
Mauritania,Male,0.50218318939209
Mauritania,Urban,0.553269996643066
Mauritania,Rural,0.446730003356934
Mauritania,18-19 years old,7.19207846785704e-02
Mauritania,20-29 years old,0.313259938692017
Mauritania,30-39 years old,0.246416345614809
Mauritania,40-49 years old,0.168033174695945
Mauritania,50-59 years old,0.106215484440416
Mauritania,60 or older,9.41542718782428e-02
Martinique,18-19 years old,3.27364695990122e-02
Martinique,20-29 years old,0.13695755083935
Martinique,30-39 years old,0.112890998712257
Martinique,40-49 years old,0.14627630520493
Martinique,50-59 years old,0.20787608539488
Martinique,60 or older,0.363262590249571
Mauritius,Female,0.50660774230957
Mauritius,Male,0.49339225769043
Mauritius,Urban,0.407599983215332
Mauritius,Rural,0.592400016784668
Mauritius,18-19 years old,3.83035242954552e-02
Mauritius,20-29 years old,0.196396371224058
Mauritius,30-39 years old,0.174740869433321
Mauritius,40-49 years old,0.181708231006655
Mauritius,50-59 years old,0.174981364153913
Mauritius,60 or older,0.233869639886598
Malawi,Female,0.506844787597656
Malawi,Male,0.493155212402344
Malawi,Urban,0.174270000457764
Malawi,Rural,0.825729999542236
Malawi,18-19 years old,8.6384619699819e-02
Malawi,20-29 years old,0.353490320225462
Malawi,30-39 years old,0.239254684153503
Malawi,40-49 years old,0.150369009483014
Malawi,50-59 years old,8.85576708926894e-02
Malawi,60 or older,8.1943695545512e-02
Malaysia,Female,0.486164054870605
Malaysia,Male,0.513835945129395
Malaysia,Urban,0.771600036621094
Malaysia,Rural,0.228399963378906
Malaysia,18-19 years old,4.72777282749807e-02
Malaysia,20-29 years old,0.248679068280935
Malaysia,30-39 years old,0.243544194563059
Malaysia,40-49 years old,0.171975518439088
Malaysia,50-59 years old,0.135581222885152
Malaysia,60 or older,0.152942267556786
Mayotte,18-19 years old,7.59205459090602e-02
Mayotte,20-29 years old,0.294757111006013
Mayotte,30-39 years old,0.222863320045943
Mayotte,40-49 years old,0.184778055536788
Mayotte,50-59 years old,0.109208837240727
Mayotte,60 or older,0.112472130261469
Namibia,Female,0.515260238647461
Namibia,Male,0.484739761352539
Namibia,Urban,0.520330009460449
Namibia,Rural,0.479669990539551
Namibia,18-19 years old,6.61316893056945e-02
Namibia,20-29 years old,0.3246045866778
Namibia,30-39 years old,0.245043299243748
Namibia,40-49 years old,0.163128038174476
Namibia,50-59 years old,0.103232868283913
Namibia,60 or older,9.7859518314368e-02
New Caledonia,Female,0.497364196777344
New Caledonia,Male,0.502635803222656
New Caledonia,Urban,0.715179977416992
New Caledonia,Rural,0.284820022583008
New Caledonia,18-19 years old,4.17169313809167e-02
New Caledonia,20-29 years old,0.205947845491434
New Caledonia,30-39 years old,0.197837147094024
New Caledonia,40-49 years old,0.194651993343601
New Caledonia,50-59 years old,0.166653156782995
New Caledonia,60 or older,0.19319292590703
Niger (the),Female,0.497238502502441
Niger (the),Male,0.502761497497559
Niger (the),Urban,0.166259994506836
Niger (the),Rural,0.833740005493164
Niger (the),18-19 years old,9.33889218076984e-02
Niger (the),20-29 years old,0.35299317441145
Niger (the),30-39 years old,0.214511782401604
Niger (the),40-49 years old,0.145161884576525
Niger (the),50-59 years old,9.94068916793911e-02
Niger (the),60 or older,9.45373451233316e-02
Nigeria,Female,0.493209228515625
Nigeria,Male,0.506790771484375
Nigeria,Urban,0.519580001831055
Nigeria,Rural,0.480419998168945
Nigeria,18-19 years old,8.05872225963195e-02
Nigeria,20-29 years old,0.3225044102604
Nigeria,30-39 years old,0.236872060314455
Nigeria,40-49 years old,0.165614338841113
Nigeria,50-59 years old,0.104012079361581
Nigeria,60 or older,9.04098886261314e-02
Nicaragua,Female,0.507159423828125
Nicaragua,Male,0.492840576171875
Nicaragua,Urban,0.590120010375977
Nicaragua,Rural,0.409879989624023
Nicaragua,18-19 years old,5.52647037713485e-02
Nicaragua,20-29 years old,0.270837093346583
Nicaragua,30-39 years old,0.245159135374646
Nicaragua,40-49 years old,0.177237326926155
Nicaragua,50-59 years old,0.117839686274947
Nicaragua,60 or older,0.133662054306321
Netherlands (the),Female,0.501767845153809
Netherlands (the),Male,0.498232154846191
Netherlands (the),Urban,0.922360000610352
Netherlands (the),Rural,7.76399993896484e-02
Netherlands (the),18-19 years old,2.96383925768058e-02
Netherlands (the),20-29 years old,0.151567672702622
Netherlands (the),30-39 years old,0.151571358054238
Netherlands (the),40-49 years old,0.155466630188912
Netherlands (the),50-59 years old,0.182393976950366
Netherlands (the),60 or older,0.329361969527056
Norway,Female,0.494583892822266
Norway,Male,0.505416107177734
Norway,Urban,0.829739990234375
Norway,Rural,0.170260009765625
Norway,18-19 years old,0.03051695278905
Norway,20-29 years old,0.169124626858895
Norway,30-39 years old,0.17199799672034
Norway,40-49 years old,0.168786323122676
Norway,50-59 years old,0.165894093933886
Norway,60 or older,0.293680006575153
Nepal,Female,0.541870384216309
Nepal,Male,0.458129615783691
Nepal,Urban,0.20576000213623
Nepal,Rural,0.79423999786377
Nepal,18-19 years old,6.89409393103265e-02
Nepal,20-29 years old,0.312216991767723
Nepal,30-39 years old,0.201169429226056
Nepal,40-49 years old,0.161543357188711
Nepal,50-59 years old,0.122401864356966
Nepal,60 or older,0.133727418150218
Nauru,Urban,1
Nauru,Rural,0
New Zealand,Female,0.508492660522461
New Zealand,Male,0.491507339477539
New Zealand,Urban,0.866989974975586
New Zealand,Rural,0.133010025024414
New Zealand,18-19 years old,3.28467951471643e-02
New Zealand,20-29 years old,0.181236126857594
New Zealand,30-39 years old,0.167150288809766
New Zealand,40-49 years old,0.159808340369187
New Zealand,50-59 years old,0.16974907719387
New Zealand,60 or older,0.289209371622419
Oman,Female,0.340027503967285
Oman,Male,0.659972496032715
Oman,Urban,0.862760009765625
Oman,Rural,0.137239990234375
Oman,18-19 years old,2.19585777514906e-02
Oman,20-29 years old,0.283594641096526
Oman,30-39 years old,0.376148375645737
Oman,40-49 years old,0.178945963188235
Oman,50-59 years old,8.24494918488384e-02
Oman,60 or older,5.69029504691732e-02
Pakistan,Female,0.485396308898926
Pakistan,Male,0.514603691101074
Pakistan,Urban,0.371650009155273
Pakistan,Rural,0.628349990844727
Pakistan,18-19 years old,6.61555490344359e-02
Pakistan,20-29 years old,0.305638795595357
Pakistan,30-39 years old,0.235874950363806
Pakistan,40-49 years old,0.162644191429831
Pakistan,50-59 years old,0.115752950688869
Pakistan,60 or older,0.113933562887701
Panama,Female,0.499421539306641
Panama,Male,0.500578460693359
Panama,Urban,0.684140014648438
Panama,Rural,0.315859985351562
Panama,18-19 years old,4.79969366824162e-02
Panama,20-29 years old,0.22942915942782
Panama,30-39 years old,0.209248337094827
Panama,40-49 years old,0.188208324538473
Panama,50-59 years old,0.146461151071349
Panama,60 or older,0.178656091185114
Peru,Female,0.503254814147949
Peru,Male,0.496745185852051
Peru,Urban,0.782969970703125
Peru,Rural,0.217030029296875
Peru,18-19 years old,4.16025415688356e-02
Peru,20-29 years old,0.230089989071572
Peru,30-39 years old,0.223899952734647
Peru,40-49 years old,0.186042386787752
Peru,50-59 years old,0.141837960947938
Peru,60 or older,0.176527168889254
Philippines (the),Female,0.497825508117676
Philippines (the),Male,0.502174491882324
Philippines (the),Urban,0.474080009460449
Philippines (the),Rural,0.525919990539551
Philippines (the),18-19 years old,5.88875753649803e-02
Philippines (the),20-29 years old,0.278423890541492
Philippines (the),30-39 years old,0.220388158802088
Philippines (the),40-49 years old,0.175026540321378
Philippines (the),50-59 years old,0.133167847613168
Philippines (the),60 or older,0.134105987356894
Palau,Urban,0.809879989624023
Palau,Rural,0.190120010375977
Papua New Guinea,Female,0.489431304931641
Papua New Guinea,Male,0.510568695068359
Papua New Guinea,Urban,0.133450002670288
Papua New Guinea,Rural,0.866549997329712
Papua New Guinea,18-19 years old,6.87479432956592e-02
Papua New Guinea,20-29 years old,0.296658652359512
Papua New Guinea,30-39 years old,0.232972969464955
Papua New Guinea,40-49 years old,0.179116329106289
Papua New Guinea,50-59 years old,0.120084619783606
Papua New Guinea,60 or older,0.102419485989978
Poland,Female,0.515468215942383
Poland,Male,0.484531784057617
Poland,Urban,0.600429992675781
Poland,Rural,0.399570007324219
Poland,18-19 years old,2.22861033682727e-02
Poland,20-29 years old,0.142748763724591
Poland,30-39 years old,0.193429790270457
Poland,40-49 years old,0.178306897804433
Poland,50-59 years old,0.146988167743177
Poland,60 or older,0.31624027708907
Puerto Rico,Female,0.526181831359863
Puerto Rico,Male,0.473818168640137
Puerto Rico,Urban,0.935810012817383
Puerto Rico,Rural,6.41899871826171e-02
Puerto Rico,18-19 years old,2.97781415991694e-02
Puerto Rico,20-29 years old,0.125864039481014
Puerto Rico,30-39 years old,0.144504364549034
Puerto Rico,40-49 years old,0.174025767969711
Puerto Rico,50-59 years old,0.180537938405503
Puerto Rico,60 or older,0.345289747995568
"Democratic People's Republic of Korea (the)",Female,0.510901527404785
"Democratic People's Republic of Korea (the)",Male,0.489098472595215
"Democratic People's Republic of Korea (the)",Urban,0.623810005187988
"Democratic People's Republic of Korea (the)",Rural,0.376189994812012
"Democratic People's Republic of Korea (the)",18-19 years old,3.91924890638885e-02
"Democratic People's Republic of Korea (the)",20-29 years old,0.200767246161928
"Democratic People's Republic of Korea (the)",30-39 years old,0.18625214589992
"Democratic People's Republic of Korea (the)",40-49 years old,0.18995592006533
"Democratic People's Republic of Korea (the)",50-59 years old,0.185274932943185
"Democratic People's Republic of Korea (the)",60 or older,0.198557265865749
Portugal,Female,0.526902770996094
Portugal,Male,0.473097229003906
Portugal,Urban,0.663099975585937
Portugal,Rural,0.336900024414063
Portugal,18-19 years old,2.49051527616034e-02
Portugal,20-29 years old,0.125527460074489
Portugal,30-39 years old,0.142083390278893
Portugal,40-49 years old,0.184241849322107
Portugal,50-59 years old,0.173146496559124
Portugal,60 or older,0.350095651003783
Paraguay,Female,0.491854934692383
Paraguay,Male,0.508145065307617
Paraguay,Urban,0.621829986572266
Paraguay,Rural,0.378170013427734
Paraguay,18-19 years old,5.66232458974193e-02
Paraguay,20-29 years old,0.282444456892596
Paraguay,30-39 years old,0.237135725858627
Paraguay,40-49 years old,0.155572013722805
Paraguay,50-59 years old,0.117242491091851
Paraguay,60 or older,0.150982066536702
State of Palestine (the) *,Female,0.492891578674316
State of Palestine (the) *,Male,0.507108421325684
State of Palestine (the) *,Urban,0.767190017700195
State of Palestine (the) *,Rural,0.232809982299805
State of Palestine (the) *,18-19 years old,7.13963081977688e-02
State of Palestine (the) *,20-29 years old,0.341317464738157
State of Palestine (the) *,30-39 years old,0.234783014373345
State of Palestine (the) *,40-49 years old,0.158386713244203
State of Palestine (the) *,50-59 years old,0.105081494194537
State of Palestine (the) *,60 or older,8.90350052519894e-02
French Polynesia,Female,0.493560066223145
French Polynesia,Male,0.506439933776855
French Polynesia,Urban,0.619749984741211
French Polynesia,Rural,0.380250015258789
French Polynesia,18-19 years old,4.12139487379018e-02
French Polynesia,20-29 years old,0.19639122610768
French Polynesia,30-39 years old,0.210918729633773
French Polynesia,40-49 years old,0.192539273381645
French Polynesia,50-59 years old,0.173381644861631
French Polynesia,60 or older,0.18555517727737
Qatar,Female,0.248493614196777
Qatar,Male,0.751506385803223
Qatar,Urban,0.992350006103516
Qatar,Rural,7.64999389648435e-03
Qatar,18-19 years old,2.02383057832544e-02
Qatar,20-29 years old,0.295052913425985
Qatar,30-39 years old,0.348031735716665
Qatar,40-49 years old,0.189937194868652
Qatar,50-59 years old,0.104535789053728
Qatar,60 or older,4.22040611517153e-02
Réunion,18-19 years old,4.3014611166317e-02
Réunion,20-29 years old,0.181369842847153
Réunion,30-39 years old,0.152507882178303
Réunion,40-49 years old,0.179919153999975
Réunion,50-59 years old,0.192323617091752
Réunion,60 or older,0.250864892716499
Romania,Female,0.513771362304687
Romania,Male,0.486228637695313
Romania,Urban,0.541940002441406
Romania,Rural,0.458059997558594
Romania,18-19 years old,2.50659425757883e-02
Romania,20-29 years old,0.133311002625562
Romania,30-39 years old,0.165237439599898
Romania,40-49 years old,0.193389467245842
Romania,50-59 years old,0.164167635967204
Romania,60 or older,0.318828511985705
Russian Federation (the),Female,0.536502227783203
Russian Federation (the),Male,0.463497772216797
Russian Federation (the),Urban,0.747539978027344
Russian Federation (the),Rural,0.252460021972656
Russian Federation (the),18-19 years old,2.35736473722315e-02
Russian Federation (the),20-29 years old,0.136002334587866
Russian Federation (the),30-39 years old,0.213212868064982
Russian Federation (the),40-49 years old,0.177545415955425
Russian Federation (the),50-59 years old,0.164669534739346
Russian Federation (the),60 or older,0.284996199280148
Rwanda,Female,0.508390350341797
Rwanda,Male,0.491609649658203
Rwanda,Urban,0.17431999206543
Rwanda,Rural,0.82568000793457
Rwanda,18-19 years old,7.40973028659994e-02
Rwanda,20-29 years old,0.315664957930717
Rwanda,30-39 years old,0.258773701894153
Rwanda,40-49 years old,0.152774585339097
Rwanda,50-59 years old,0.103998516360721
Rwanda,60 or older,9.46909356093129e-02
Saudi Arabia,Female,0.421744575500488
Saudi Arabia,Male,0.578255424499512
Saudi Arabia,Urban,0.842870025634766
Saudi Arabia,Rural,0.157129974365234
Saudi Arabia,18-19 years old,3.48163021948109e-02
Saudi Arabia,20-29 years old,0.215370561759864
Saudi Arabia,30-39 years old,0.280752956359906
Saudi Arabia,40-49 years old,0.257764024369055
Saudi Arabia,50-59 years old,0.129371796043343
Saudi Arabia,60 or older,8.19243592730212e-02
Sudan (the),Female,0.500395431518555
Sudan (the),Male,0.499604568481445
Sudan (the),Urban,0.352529983520508
Sudan (the),Rural,0.647470016479492
Sudan (the),18-19 years old,7.88832264054311e-02
Sudan (the),20-29 years old,0.325302878983865
Sudan (the),30-39 years old,0.221921530740336
Sudan (the),40-49 years old,0.158972398577722
Sudan (the),50-59 years old,0.108884896602999
Sudan (the),60 or older,0.106035068689647
Senegal,Female,0.512015113830566
Senegal,Male,0.487984886169434
Senegal,Urban,0.481220016479492
Senegal,Rural,0.518779983520508
Senegal,18-19 years old,7.88185527809181e-02
Senegal,20-29 years old,0.331435287085707
Senegal,30-39 years old,0.240787096212269
Senegal,40-49 years old,0.156334152706779
Senegal,50-59 years old,9.79797070375066e-02
Senegal,60 or older,9.46452041768208e-02
Singapore,Female,0.47656795501709
Singapore,Male,0.52343204498291
Singapore,Urban,1
Singapore,Rural,0
Singapore,18-19 years old,2.36782767497546e-02
Singapore,20-29 years old,0.167162802625377
Singapore,30-39 years old,0.17991625586208
Singapore,40-49 years old,0.193613019570733
Singapore,50-59 years old,0.189870478917182
Singapore,60 or older,0.245759166274875
Solomon Islands,Female,0.491522521972656
Solomon Islands,Male,0.508477478027344
Solomon Islands,Urban,0.246700000762939
Solomon Islands,Rural,0.753299999237061
Solomon Islands,18-19 years old,7.32039892975355e-02
Solomon Islands,20-29 years old,0.303155166758384
Solomon Islands,30-39 years old,0.222425837722663
Solomon Islands,40-49 years old,0.186154567658931
Solomon Islands,50-59 years old,0.110318335967383
Solomon Islands,60 or older,0.104742102595104
Sierra Leone,Female,0.500909309387207
Sierra Leone,Male,0.499090690612793
Sierra Leone,Urban,0.429230003356934
Sierra Leone,Rural,0.570769996643066
Sierra Leone,18-19 years old,7.94073455344109e-02
Sierra Leone,20-29 years old,0.333145686440383
Sierra Leone,30-39 years old,0.241068975758471
Sierra Leone,40-49 years old,0.159494486381221
Sierra Leone,50-59 years old,9.93461118102111e-02
Sierra Leone,60 or older,8.75373940753042e-02
El Salvador,Female,0.531864013671875
El Salvador,Male,0.468135986328125
El Salvador,Urban,0.734440002441406
El Salvador,Rural,0.265559997558594
El Salvador,18-19 years old,5.44302085346433e-02
El Salvador,20-29 years old,0.275457491381008
El Salvador,30-39 years old,0.19992799853369
El Salvador,40-49 years old,0.164289764894142
El Salvador,50-59 years old,0.128703413997783
El Salvador,60 or older,0.177191122658735
San Marino,Urban,0.974990005493164
San Marino,Rural,2.50099945068359e-02
Somalia,Female,0.501417121887207
Somalia,Male,0.498582878112793
Somalia,Urban,0.46140998840332
Somalia,Rural,0.53859001159668
Somalia,18-19 years old,9.32815205797497e-02
Somalia,20-29 years old,0.362387406202383
Somalia,30-39 years old,0.206412130931996
Somalia,40-49 years old,0.14177264026713
Somalia,50-59 years old,9.87358769687898e-02
Somalia,60 or older,9.74104250499516e-02
Serbia,Female,0.510190010070801
Serbia,Male,0.489809989929199
Serbia,Urban,0.564459991455078
Serbia,Rural,0.435540008544922
Serbia,18-19 years old,2.91998192644719e-02
Serbia,20-29 years old,0.155521990923443
Serbia,30-39 years old,0.171380503726224
Serbia,40-49 years old,0.173497925110431
Serbia,50-59 years old,0.158208195986605
Serbia,60 or older,0.312191564988825
South Sudan,Female,0.499450645446777
South Sudan,Male,0.500549354553223
South Sudan,Urban,0.201989994049072
South Sudan,Rural,0.798010005950928
South Sudan,18-19 years old,7.92788647058894e-02
South Sudan,20-29 years old,0.33680250108138
South Sudan,30-39 years old,0.228913425914249
South Sudan,40-49 years old,0.153878925548012
South Sudan,50-59 years old,0.102179935860117
South Sudan,60 or older,9.89463468903516e-02
Sao Tome and Principe,Female,0.499568824768066
Sao Tome and Principe,Male,0.500431175231934
Sao Tome and Principe,Urban,0.743539962768555
Sao Tome and Principe,Rural,0.256460037231445
Sao Tome and Principe,18-19 years old,8.30303301022915e-02
Sao Tome and Principe,20-29 years old,0.300397552150802
Sao Tome and Principe,30-39 years old,0.237914861303435
Sao Tome and Principe,40-49 years old,0.16688256577478
Sao Tome and Principe,50-59 years old,0.114173404207799
Sao Tome and Principe,60 or older,9.76012864608924e-02
Suriname,Female,0.497434501647949
Suriname,Male,0.502565498352051
Suriname,Urban,0.661490020751953
Suriname,Rural,0.338509979248047
Suriname,18-19 years old,5.02246999829849e-02
Suriname,20-29 years old,0.239643282521444
Suriname,30-39 years old,0.20714936293301
Suriname,40-49 years old,0.181971955039986
Suriname,50-59 years old,0.162214370790003
Suriname,60 or older,0.158796328732572
Slovakia,Female,0.513067245483398
Slovakia,Male,0.486932754516602
Slovakia,Urban,0.537599983215332
Slovakia,Rural,0.462400016784668
Slovakia,18-19 years old,2.36527820197266e-02
Slovakia,20-29 years old,0.147272102549361
Slovakia,30-39 years old,0.190349391854261
Slovakia,40-49 years old,0.193447836007258
Slovakia,50-59 years old,0.159271527640538
Slovakia,60 or older,0.286006359928855
Slovenia,Female,0.502037582397461
Slovenia,Male,0.497962417602539
Slovenia,Urban,0.551180000305176
Slovenia,Rural,0.448819999694824
Slovenia,18-19 years old,2.12140472612008e-02
Slovenia,20-29 years old,0.120268144340033
Slovenia,30-39 years old,0.16600941571971
Slovenia,40-49 years old,0.178696173312919
Slovenia,50-59 years old,0.17628254650504
Slovenia,60 or older,0.337529672861096
Sweden,Female,0.499077949523926
Sweden,Male,0.500922050476074
Sweden,Urban,0.879769973754883
Sweden,Rural,0.120230026245117
Sweden,18-19 years old,2.64667347213621e-02
Sweden,20-29 years old,0.159822981025957
Sweden,30-39 years old,0.165251127333206
Sweden,40-49 years old,0.158220032612184
Sweden,50-59 years old,0.162290798147404
Sweden,60 or older,0.327948326159888
Eswatini,Female,0.508486747741699
Eswatini,Male,0.491513252258301
Eswatini,Urban,0.241709995269775
Eswatini,Rural,0.758290004730225
Eswatini,18-19 years old,7.64507528959323e-02
Eswatini,20-29 years old,0.329594399185021
Eswatini,30-39 years old,0.249771638597567
Eswatini,40-49 years old,0.161631878322852
Eswatini,50-59 years old,8.00689264382124e-02
Eswatini,60 or older,0.102482404560416
Sint Maarten (Dutch part),Urban,1
Sint Maarten (Dutch part),Rural,0
Seychelles,Female,0.487095794677734
Seychelles,Male,0.512904205322266
Seychelles,Urban,0.575460014343262
Seychelles,Rural,0.424539985656738
Seychelles,18-19 years old,3.52181073434399e-02
Seychelles,20-29 years old,0.189054516278873
Seychelles,30-39 years old,0.203904677448869
Seychelles,40-49 years old,0.209352082541559
Seychelles,50-59 years old,0.182664020382022
Seychelles,60 or older,0.179806596005236
Syrian Arab Republic (the),Female,0.499443664550781
Syrian Arab Republic (the),Male,0.500556335449219
Syrian Arab Republic (the),Urban,0.554749984741211
Syrian Arab Republic (the),Rural,0.445250015258789
Syrian Arab Republic (the),18-19 years old,5.58720376718526e-02
Syrian Arab Republic (the),20-29 years old,0.277692946596308
Syrian Arab Republic (the),30-39 years old,0.260423037963163
Syrian Arab Republic (the),40-49 years old,0.172788754771418
Syrian Arab Republic (the),50-59 years old,0.115139830810613
Syrian Arab Republic (the),60 or older,0.118083392186645
Turks and Caicos Islands,Urban,0.936050033569336
Turks and Caicos Islands,Rural,6.39499664306641e-02
Chad,Female,0.500776786804199
Chad,Male,0.499223213195801
Chad,Urban,0.235200004577637
Chad,Rural,0.764799995422363
Chad,18-19 years old,9.20197539179385e-02
Chad,20-29 years old,0.364132762438802
Chad,30-39 years old,0.231708790891525
Chad,40-49 years old,0.141780594395637
Chad,50-59 years old,8.57162759279338e-02
Chad,60 or older,8.46418224281628e-02
Togo,Female,0.50241153717041
Togo,Male,0.49758846282959
Togo,Urban,0.427999992370605
Togo,Rural,0.572000007629395
Togo,18-19 years old,7.76301304984322e-02
Togo,20-29 years old,0.315267899347989
Togo,30-39 years old,0.244041421320169
Togo,40-49 years old,0.170674737827123
Togo,50-59 years old,0.103322682739298
Togo,60 or older,8.90631282669883e-02
Thailand,Female,0.513380088806152
Thailand,Male,0.486619911193848
Thailand,Urban,0.514300003051758
Thailand,Rural,0.485699996948242
Thailand,18-19 years old,3.23466968625432e-02
Thailand,20-29 years old,0.172993760496056
Thailand,30-39 years old,0.165797935235507
Thailand,40-49 years old,0.196057941391948
Thailand,50-59 years old,0.191874913595704
Thailand,60 or older,0.240928752418243
Tajikistan,Female,0.496129341125488
Tajikistan,Male,0.503870658874512
Tajikistan,Urban,0.275060005187988
Tajikistan,Rural,0.724939994812012
Tajikistan,18-19 years old,5.81157634682963e-02
Tajikistan,20-29 years old,0.300235395250024
Tajikistan,30-39 years old,0.253212621556377
Tajikistan,40-49 years old,0.160706021838487
Tajikistan,50-59 years old,0.127648879527716
Tajikistan,60 or older,0.100081318359099
Turkmenistan,Female,0.507674026489258
Turkmenistan,Male,0.492325973510742
Turkmenistan,Urban,0.52515998840332
Turkmenistan,Rural,0.47484001159668
Turkmenistan,18-19 years old,4.88580152388377e-02
Turkmenistan,20-29 years old,0.260320089836753
Turkmenistan,30-39 years old,0.24693893018781
Turkmenistan,40-49 years old,0.179895468874225
Turkmenistan,50-59 years old,0.138039193242857
Turkmenistan,60 or older,0.125948302619517
Timor-Leste,Female,0.494674758911133
Timor-Leste,Male,0.505325241088867
Timor-Leste,Urban,0.313199996948242
Timor-Leste,Rural,0.686800003051758
Timor-Leste,18-19 years old,8.03457049982211e-02
Timor-Leste,20-29 years old,0.331295663266341
Timor-Leste,30-39 years old,0.215121414744543
Timor-Leste,40-49 years old,0.136339471594591
Timor-Leste,50-59 years old,0.119680538063938
Timor-Leste,60 or older,0.117217207332366
Tonga,Female,0.499474906921387
Tonga,Male,0.500525093078613
Tonga,Urban,0.230990009307861
Tonga,Rural,0.769009990692139
Tonga,18-19 years old,0.0712959824383
Tonga,20-29 years old,0.276661340048101
Tonga,30-39 years old,0.196649072684132
Tonga,40-49 years old,0.166093651639146
Tonga,50-59 years old,0.140445176181944
Tonga,60 or older,0.148854777008377
Trinidad and Tobago,Female,0.506286926269531
Trinidad and Tobago,Male,0.493713073730469
Trinidad and Tobago,Urban,0.532140007019043
Trinidad and Tobago,Rural,0.467859992980957
Trinidad and Tobago,18-19 years old,3.28076516104054e-02
Trinidad and Tobago,20-29 years old,0.171971409830643
Trinidad and Tobago,30-39 years old,0.228222361301405
Trinidad and Tobago,40-49 years old,0.179902682160839
Trinidad and Tobago,50-59 years old,0.164509999605316
Trinidad and Tobago,60 or older,0.222585895491391
Tunisia,Female,0.504108505249023
Tunisia,Male,0.495891494750977
Tunisia,Urban,0.69568000793457
Tunisia,Rural,0.30431999206543
Tunisia,18-19 years old,3.70444707811378e-02
Tunisia,20-29 years old,0.203583819830586
Tunisia,30-39 years old,0.225851777278419
Tunisia,40-49 years old,0.185545190792352
Tunisia,50-59 years old,0.160652177709435
Tunisia,60 or older,0.18732256360807
Turkey,Female,0.506324577331543
Turkey,Male,0.493675422668457
Turkey,Urban,0.761050033569336
Turkey,Rural,0.238949966430664
Turkey,18-19 years old,4.55073423955606e-02
Turkey,20-29 years old,0.219358378852742
Turkey,30-39 years old,0.212707576370496
Turkey,40-49 years old,0.190592982100634
Turkey,50-59 years old,0.148331034572328
Turkey,60 or older,0.183502685708239
Tuvalu,Urban,0.640139999389648
Tuvalu,Rural,0.359860000610352
United Republic of Tanzania (the),Female,0.50026782989502
United Republic of Tanzania (the),Male,0.49973217010498
United Republic of Tanzania (the),Urban,0.352270011901855
United Republic of Tanzania (the),Rural,0.647729988098145
United Republic of Tanzania (the),18-19 years old,8.15248566118459e-02
United Republic of Tanzania (the),20-29 years old,0.331473189375176
United Republic of Tanzania (the),30-39 years old,0.241105736431749
United Republic of Tanzania (the),40-49 years old,0.162289390995193
United Republic of Tanzania (the),50-59 years old,9.85249344788069e-02
United Republic of Tanzania (the),60 or older,8.50818921072291e-02
Uganda,Female,0.507081413269043
Uganda,Male,0.492918586730957
Uganda,Urban,0.249540004730225
Uganda,Rural,0.750459995269775
Uganda,18-19 years old,9.28154645188811e-02
Uganda,20-29 years old,0.367467955382797
Uganda,30-39 years old,0.238100872600887
Uganda,40-49 years old,0.14625595001296
Uganda,50-59 years old,8.64649565655297e-02
Uganda,60 or older,6.88948009189459e-02
Ukraine,Female,0.536670341491699
Ukraine,Male,0.463329658508301
Ukraine,Urban,0.696080017089844
Ukraine,Rural,0.303919982910156
Ukraine,18-19 years old,2.17658983056419e-02
Ukraine,20-29 years old,0.137852996907427
Ukraine,30-39 years old,0.202874000356389
Ukraine,40-49 years old,0.180288580871074
Ukraine,50-59 years old,0.166226986513599
Ukraine,60 or older,0.290991537045869
Uruguay,Female,0.516848602294922
Uruguay,Male,0.483151397705078
Uruguay,Urban,0.955149993896484
Uruguay,Rural,4.48500061035156e-02
Uruguay,18-19 years old,3.80132564016976e-02
Uruguay,20-29 years old,0.195149492155834
Uruguay,30-39 years old,0.175917600495923
Uruguay,40-49 years old,0.173580659005293
Uruguay,50-59 years old,0.149187735444185
Uruguay,60 or older,0.268151256497067
United States of America (the),Female,0.505182151794434
United States of America (the),Male,0.494817848205566
United States of America (the),Urban,0.826640014648438
United States of America (the),Rural,0.173359985351562
United States of America (the),18-19 years old,3.32456636785635e-02
United States of America (the),20-29 years old,0.178999266567873
United States of America (the),30-39 years old,0.173462371657436
United States of America (the),40-49 years old,0.156686807798819
United States of America (the),50-59 years old,0.163566855193044
United States of America (the),60 or older,0.294039035104264
Uzbekistan,Female,0.501125869750977
Uzbekistan,Male,0.498874130249023
Uzbekistan,Urban,0.504160003662109
Uzbekistan,Rural,0.495839996337891
Uzbekistan,18-19 years old,0.04528188245877
Uzbekistan,20-29 years old,0.266625841036671
Uzbekistan,30-39 years old,0.250046671953465
Uzbekistan,40-49 years old,0.176219128811722
Uzbekistan,50-59 years old,0.137584121600659
Uzbekistan,60 or older,0.124242354138713
Saint Vincent and the Grenadines,Female,0.493289604187012
Saint Vincent and the Grenadines,Male,0.506710395812988
Saint Vincent and the Grenadines,Urban,0.530320014953613
Saint Vincent and the Grenadines,Rural,0.469679985046387
Saint Vincent and the Grenadines,18-19 years old,4.55613657336204e-02
Saint Vincent and the Grenadines,20-29 years old,0.215342971393417
Saint Vincent and the Grenadines,30-39 years old,0.193306674869271
Saint Vincent and the Grenadines,40-49 years old,0.17820978160566
Saint Vincent and the Grenadines,50-59 years old,0.167210089203322
Saint Vincent and the Grenadines,60 or older,0.200369117194709
Venezuela (Bolivarian Republic of),Female,0.50819522857666
Venezuela (Bolivarian Republic of),Male,0.49180477142334
Venezuela (Bolivarian Republic of),Urban,0.882789993286133
Venezuela (Bolivarian Republic of),Rural,0.117210006713867
Venezuela (Bolivarian Republic of),18-19 years old,5.01025241578261e-02
Venezuela (Bolivarian Republic of),20-29 years old,0.215775555419727
Venezuela (Bolivarian Republic of),30-39 years old,0.210425074300629
Venezuela (Bolivarian Republic of),40-49 years old,0.186239978100317
Venezuela (Bolivarian Republic of),50-59 years old,0.157507563278955
Venezuela (Bolivarian Republic of),60 or older,0.179949304742546
British Virgin Islands,Urban,0.485149993896484
British Virgin Islands,Rural,0.514850006103516
United States Virgin Islands,Female,0.52499927520752
United States Virgin Islands,Male,0.47500072479248
United States Virgin Islands,Urban,0.959390029907227
United States Virgin Islands,Rural,4.06099700927735e-02
United States Virgin Islands,18-19 years old,3.31562671454935e-02
United States Virgin Islands,20-29 years old,0.158748566013268
United States Virgin Islands,30-39 years old,0.121340216469649
United States Virgin Islands,40-49 years old,0.14671554691007
United States Virgin Islands,50-59 years old,0.180171080851913
United States Virgin Islands,60 or older,0.359868322609606
Viet Nam,Female,0.500729789733887
Viet Nam,Male,0.499270210266113
Viet Nam,Urban,0.373400001525879
Viet Nam,Rural,0.626599998474121
Viet Nam,18-19 years old,3.63072245707057e-02
Viet Nam,20-29 years old,0.217265394078473
Viet Nam,30-39 years old,0.228720949490184
Viet Nam,40-49 years old,0.19161998143033
Viet Nam,50-59 years old,0.156847993964144
Viet Nam,60 or older,0.169238456466163
Vanuatu,Female,0.493114128112793
Vanuatu,Male,0.506885871887207
Vanuatu,Urban,0.255249996185303
Vanuatu,Rural,0.744750003814697
Vanuatu,18-19 years old,6.57398666674485e-02
Vanuatu,20-29 years old,0.297670491524529
Vanuatu,30-39 years old,0.240414890560595
Vanuatu,40-49 years old,0.171162877966122
Vanuatu,50-59 years old,0.120462500952794
Vanuatu,60 or older,0.104549372328512
Samoa,Female,0.482369842529297
Samoa,Male,0.517630157470703
Samoa,Urban,0.178889999389648
Samoa,Rural,0.821110000610352
Samoa,18-19 years old,6.5153116037895e-02
Samoa,20-29 years old,0.277864100082573
Samoa,30-39 years old,0.195441590382413
Samoa,40-49 years old,0.173670611842631
Samoa,50-59 years old,0.146234917027001
Samoa,60 or older,0.141635664627487
Yemen,Female,0.496244850158691
Yemen,Male,0.503755149841309
Yemen,Urban,0.379080009460449
Yemen,Rural,0.620919990539551
Yemen,18-19 years old,7.62620187436272e-02
Yemen,20-29 years old,0.352044577339877
Yemen,30-39 years old,0.254261874799959
Yemen,40-49 years old,0.145098411043673
Yemen,50-59 years old,8.73754647771563e-02
Yemen,60 or older,8.49576532957082e-02
South Africa,Female,0.50739070892334
South Africa,Male,0.49260929107666
South Africa,Urban,0.673539962768555
South Africa,Rural,0.326460037231445
South Africa,18-19 years old,4.92041709851656e-02
South Africa,20-29 years old,0.258415298283791
South Africa,30-39 years old,0.258767853423086
South Africa,40-49 years old,0.179469702133461
South Africa,50-59 years old,0.125150755161336
South Africa,60 or older,0.128992220013161
Zambia,Female,0.504839668273926
Zambia,Male,0.495160331726074
Zambia,Urban,0.446290016174316
Zambia,Rural,0.553709983825684
Zambia,18-19 years old,8.97927794663107e-02
Zambia,20-29 years old,0.354311507476298
Zambia,30-39 years old,0.243442182991219
Zambia,40-49 years old,0.157514721652756
Zambia,50-59 years old,8.48082837412661e-02
Zambia,60 or older,7.01305246721509e-02
Zimbabwe,Female,0.522838935852051
Zimbabwe,Male,0.477161064147949
Zimbabwe,Urban,0.32242000579834
Zimbabwe,Rural,0.67757999420166
Zimbabwe,18-19 years old,8.18314299583289e-02
Zimbabwe,20-29 years old,0.325927887110667
Zimbabwe,30-39 years old,0.245132788201762
Zimbabwe,40-49 years old,0.16510702891042
Zimbabwe,50-59 years old,9.16341109513479e-02
Zimbabwe,60 or older,9.03667548674743e-02
