ISO Code,Country,Region,Year,Mobile latencies
AFG,Afghanistan,South Asia,2014,0.00
AFG,Afghanistan,South Asia,2015,0.00
AFG,Afghanistan,South Asia,2016,11.84
AFG,Afghanistan,South Asia,2017,56.26
AFG,Afghanistan,South Asia,2018,49.88
AFG,Afghanistan,South Asia,2019,43.00
AFG,Afghanistan,South Asia,2020,51.70
AFG,Afghanistan,South Asia,2021,66.36
AGO,Angola,Sub-Saharan Africa,2014,0.00
AGO,Angola,Sub-Saharan Africa,2015,36.98
AGO,Angola,Sub-Saharan Africa,2016,50.96
AGO,Angola,Sub-Saharan Africa,2017,66.05
AGO,Angola,Sub-Saharan Africa,2018,74.42
AGO,Angola,Sub-Saharan Africa,2019,66.28
AGO,Angola,Sub-Saharan Africa,2020,77.87
AGO,Angola,Sub-Saharan Africa,2021,81.03
ALB,Albania,Europe & Central Asia,2014,34.74
ALB,Albania,Europe & Central Asia,2015,57.34
ALB,Albania,Europe & Central Asia,2016,73.42
ALB,Albania,Europe & Central Asia,2017,80.16
ALB,Albania,Europe & Central Asia,2018,84.60
ALB,Albania,Europe & Central Asia,2019,85.89
ALB,Albania,Europe & Central Asia,2020,88.34
ALB,Albania,Europe & Central Asia,2021,89.23
ARE,United Arab Emirates,Middle East & North Africa,2014,32.69
ARE,United Arab Emirates,Middle East & North Africa,2015,50.96
ARE,United Arab Emirates,Middle East & North Africa,2016,75.00
ARE,United Arab Emirates,Middle East & North Africa,2017,81.48
ARE,United Arab Emirates,Middle East & North Africa,2018,83.47
ARE,United Arab Emirates,Middle East & North Africa,2019,84.95
ARE,United Arab Emirates,Middle East & North Africa,2020,86.55
ARE,United Arab Emirates,Middle East & North Africa,2021,89.21
ARG,Argentina,Latin America & Caribbean,2014,0.00
ARG,Argentina,Latin America & Caribbean,2015,28.82
ARG,Argentina,Latin America & Caribbean,2016,55.86
ARG,Argentina,Latin America & Caribbean,2017,73.35
ARG,Argentina,Latin America & Caribbean,2018,77.34
ARG,Argentina,Latin America & Caribbean,2019,80.72
ARG,Argentina,Latin America & Caribbean,2020,81.86
ARG,Argentina,Latin America & Caribbean,2021,83.77
ARM,Armenia,Europe & Central Asia,2014,21.76
ARM,Armenia,Europe & Central Asia,2015,52.81
ARM,Armenia,Europe & Central Asia,2016,76.69
ARM,Armenia,Europe & Central Asia,2017,86.20
ARM,Armenia,Europe & Central Asia,2018,87.85
ARM,Armenia,Europe & Central Asia,2019,88.43
ARM,Armenia,Europe & Central Asia,2020,89.04
ARM,Armenia,Europe & Central Asia,2021,89.93
AUS,Australia,East Asia & Pacific,2014,67.65
AUS,Australia,East Asia & Pacific,2015,75.94
AUS,Australia,East Asia & Pacific,2016,82.75
AUS,Australia,East Asia & Pacific,2017,86.32
AUS,Australia,East Asia & Pacific,2018,87.38
AUS,Australia,East Asia & Pacific,2019,85.85
AUS,Australia,East Asia & Pacific,2020,88.13
AUS,Australia,East Asia & Pacific,2021,89.95
AUT,Austria,Europe & Central Asia,2014,57.36
AUT,Austria,Europe & Central Asia,2015,72.43
AUT,Austria,Europe & Central Asia,2016,82.64
AUT,Austria,Europe & Central Asia,2017,83.87
AUT,Austria,Europe & Central Asia,2018,84.58
AUT,Austria,Europe & Central Asia,2019,85.80
AUT,Austria,Europe & Central Asia,2020,88.26
AUT,Austria,Europe & Central Asia,2021,89.64
AZE,Azerbaijan,Europe & Central Asia,2014,23.57
AZE,Azerbaijan,Europe & Central Asia,2015,51.12
AZE,Azerbaijan,Europe & Central Asia,2016,63.42
AZE,Azerbaijan,Europe & Central Asia,2017,80.41
AZE,Azerbaijan,Europe & Central Asia,2018,83.67
AZE,Azerbaijan,Europe & Central Asia,2019,85.70
AZE,Azerbaijan,Europe & Central Asia,2020,87.82
AZE,Azerbaijan,Europe & Central Asia,2021,89.63
BDI,Burundi,Sub-Saharan Africa,2014,30.00
BDI,Burundi,Sub-Saharan Africa,2015,12.37
BDI,Burundi,Sub-Saharan Africa,2016,53.19
BDI,Burundi,Sub-Saharan Africa,2017,46.93
BDI,Burundi,Sub-Saharan Africa,2018,61.27
BDI,Burundi,Sub-Saharan Africa,2019,51.79
BDI,Burundi,Sub-Saharan Africa,2020,78.29
BDI,Burundi,Sub-Saharan Africa,2021,73.28
BEL,Belgium,Europe & Central Asia,2014,65.69
BEL,Belgium,Europe & Central Asia,2015,75.08
BEL,Belgium,Europe & Central Asia,2016,82.50
BEL,Belgium,Europe & Central Asia,2017,84.99
BEL,Belgium,Europe & Central Asia,2018,86.03
BEL,Belgium,Europe & Central Asia,2019,82.47
BEL,Belgium,Europe & Central Asia,2020,85.91
BEL,Belgium,Europe & Central Asia,2021,86.45
BEN,Benin,Sub-Saharan Africa,2014,0.00
BEN,Benin,Sub-Saharan Africa,2015,0.00
BEN,Benin,Sub-Saharan Africa,2016,0.00
BEN,Benin,Sub-Saharan Africa,2017,57.32
BEN,Benin,Sub-Saharan Africa,2018,47.63
BEN,Benin,Sub-Saharan Africa,2019,68.71
BEN,Benin,Sub-Saharan Africa,2020,75.30
BEN,Benin,Sub-Saharan Africa,2021,84.98
BFA,Burkina Faso,Sub-Saharan Africa,2014,0.00
BFA,Burkina Faso,Sub-Saharan Africa,2015,21.58
BFA,Burkina Faso,Sub-Saharan Africa,2016,4.21
BFA,Burkina Faso,Sub-Saharan Africa,2017,5.80
BFA,Burkina Faso,Sub-Saharan Africa,2018,6.33
BFA,Burkina Faso,Sub-Saharan Africa,2019,56.12
BFA,Burkina Faso,Sub-Saharan Africa,2020,52.45
BFA,Burkina Faso,Sub-Saharan Africa,2021,68.10
BGD,Bangladesh,South Asia,2014,5.03
BGD,Bangladesh,South Asia,2015,33.41
BGD,Bangladesh,South Asia,2016,52.27
BGD,Bangladesh,South Asia,2017,73.23
BGD,Bangladesh,South Asia,2018,77.11
BGD,Bangladesh,South Asia,2019,76.15
BGD,Bangladesh,South Asia,2020,81.68
BGD,Bangladesh,South Asia,2021,82.02
BGR,Bulgaria,Europe & Central Asia,2014,44.52
BGR,Bulgaria,Europe & Central Asia,2015,61.41
BGR,Bulgaria,Europe & Central Asia,2016,77.00
BGR,Bulgaria,Europe & Central Asia,2017,82.16
BGR,Bulgaria,Europe & Central Asia,2018,83.67
BGR,Bulgaria,Europe & Central Asia,2019,83.98
BGR,Bulgaria,Europe & Central Asia,2020,85.66
BGR,Bulgaria,Europe & Central Asia,2021,87.51
BHR,Bahrain,Middle East & North Africa,2014,41.55
BHR,Bahrain,Middle East & North Africa,2015,54.85
BHR,Bahrain,Middle East & North Africa,2016,71.94
BHR,Bahrain,Middle East & North Africa,2017,81.89
BHR,Bahrain,Middle East & North Africa,2018,85.01
BHR,Bahrain,Middle East & North Africa,2019,86.62
BHR,Bahrain,Middle East & North Africa,2020,91.04
BHR,Bahrain,Middle East & North Africa,2021,92.15
BHS,Bahamas,Latin America & Caribbean,2014,34.84
BHS,Bahamas,Latin America & Caribbean,2015,62.74
BHS,Bahamas,Latin America & Caribbean,2016,70.52
BHS,Bahamas,Latin America & Caribbean,2017,84.04
BHS,Bahamas,Latin America & Caribbean,2018,83.56
BHS,Bahamas,Latin America & Caribbean,2019,78.16
BHS,Bahamas,Latin America & Caribbean,2020,83.45
BHS,Bahamas,Latin America & Caribbean,2021,85.71
BIH,Bosnia and Herzegovina,Europe & Central Asia,2014,38.42
BIH,Bosnia and Herzegovina,Europe & Central Asia,2015,51.84
BIH,Bosnia and Herzegovina,Europe & Central Asia,2016,71.58
BIH,Bosnia and Herzegovina,Europe & Central Asia,2017,81.05
BIH,Bosnia and Herzegovina,Europe & Central Asia,2018,82.11
BIH,Bosnia and Herzegovina,Europe & Central Asia,2019,84.97
BIH,Bosnia and Herzegovina,Europe & Central Asia,2020,88.51
BIH,Bosnia and Herzegovina,Europe & Central Asia,2021,87.89
BLR,Belarus,Europe & Central Asia,2014,37.37
BLR,Belarus,Europe & Central Asia,2015,61.34
BLR,Belarus,Europe & Central Asia,2016,79.41
BLR,Belarus,Europe & Central Asia,2017,87.21
BLR,Belarus,Europe & Central Asia,2018,85.69
BLR,Belarus,Europe & Central Asia,2019,86.16
BLR,Belarus,Europe & Central Asia,2020,86.12
BLR,Belarus,Europe & Central Asia,2021,87.25
BLZ,Belize,Latin America & Caribbean,2014,29.47
BLZ,Belize,Latin America & Caribbean,2015,34.49
BLZ,Belize,Latin America & Caribbean,2016,67.27
BLZ,Belize,Latin America & Caribbean,2017,79.77
BLZ,Belize,Latin America & Caribbean,2018,80.87
BLZ,Belize,Latin America & Caribbean,2019,84.19
BLZ,Belize,Latin America & Caribbean,2020,82.97
BLZ,Belize,Latin America & Caribbean,2021,86.40
BOL,Bolivia,Latin America & Caribbean,2014,6.14
BOL,Bolivia,Latin America & Caribbean,2015,39.21
BOL,Bolivia,Latin America & Caribbean,2016,61.96
BOL,Bolivia,Latin America & Caribbean,2017,78.43
BOL,Bolivia,Latin America & Caribbean,2018,78.87
BOL,Bolivia,Latin America & Caribbean,2019,80.34
BOL,Bolivia,Latin America & Caribbean,2020,88.30
BOL,Bolivia,Latin America & Caribbean,2021,89.39
BRA,Brazil,Latin America & Caribbean,2014,0.00
BRA,Brazil,Latin America & Caribbean,2015,13.79
BRA,Brazil,Latin America & Caribbean,2016,45.20
BRA,Brazil,Latin America & Caribbean,2017,67.33
BRA,Brazil,Latin America & Caribbean,2018,73.10
BRA,Brazil,Latin America & Caribbean,2019,76.69
BRA,Brazil,Latin America & Caribbean,2020,81.54
BRA,Brazil,Latin America & Caribbean,2021,85.44
BRB,Barbados,Latin America & Caribbean,2014,29.47
BRB,Barbados,Latin America & Caribbean,2015,21.32
BRB,Barbados,Latin America & Caribbean,2016,56.20
BRB,Barbados,Latin America & Caribbean,2017,85.02
BRB,Barbados,Latin America & Caribbean,2018,84.87
BRB,Barbados,Latin America & Caribbean,2019,87.07
BRB,Barbados,Latin America & Caribbean,2020,82.97
BRB,Barbados,Latin America & Caribbean,2021,89.93
BRN,Brunei Darussalam,East Asia & Pacific,2014,43.05
BRN,Brunei Darussalam,East Asia & Pacific,2015,26.93
BRN,Brunei Darussalam,East Asia & Pacific,2016,42.91
BRN,Brunei Darussalam,East Asia & Pacific,2017,73.05
BRN,Brunei Darussalam,East Asia & Pacific,2018,78.31
BRN,Brunei Darussalam,East Asia & Pacific,2019,80.36
BRN,Brunei Darussalam,East Asia & Pacific,2020,86.56
BRN,Brunei Darussalam,East Asia & Pacific,2021,91.71
BTN,Bhutan,South Asia,2014,0.00
BTN,Bhutan,South Asia,2015,43.01
BTN,Bhutan,South Asia,2016,47.90
BTN,Bhutan,South Asia,2017,67.57
BTN,Bhutan,South Asia,2018,68.47
BTN,Bhutan,South Asia,2019,80.28
BTN,Bhutan,South Asia,2020,83.19
BTN,Bhutan,South Asia,2021,86.89
BWA,Botswana,Sub-Saharan Africa,2014,0.00
BWA,Botswana,Sub-Saharan Africa,2015,0.00
BWA,Botswana,Sub-Saharan Africa,2016,38.12
BWA,Botswana,Sub-Saharan Africa,2017,51.36
BWA,Botswana,Sub-Saharan Africa,2018,67.24
BWA,Botswana,Sub-Saharan Africa,2019,69.86
BWA,Botswana,Sub-Saharan Africa,2020,65.81
BWA,Botswana,Sub-Saharan Africa,2021,78.48
CAF,Central African Republic,Sub-Saharan Africa,2014,0.00
CAF,Central African Republic,Sub-Saharan Africa,2015,0.00
CAF,Central African Republic,Sub-Saharan Africa,2016,0.00
CAF,Central African Republic,Sub-Saharan Africa,2017,0.00
CAF,Central African Republic,Sub-Saharan Africa,2018,0.00
CAF,Central African Republic,Sub-Saharan Africa,2019,0.00
CAF,Central African Republic,Sub-Saharan Africa,2020,0.00
CAF,Central African Republic,Sub-Saharan Africa,2021,0.00
CAN,Canada,North America,2014,57.06
CAN,Canada,North America,2015,66.16
CAN,Canada,North America,2016,75.58
CAN,Canada,North America,2017,80.98
CAN,Canada,North America,2018,81.51
CAN,Canada,North America,2019,82.44
CAN,Canada,North America,2020,83.73
CAN,Canada,North America,2021,85.65
CHE,Switzerland,Europe & Central Asia,2014,52.02
CHE,Switzerland,Europe & Central Asia,2015,71.01
CHE,Switzerland,Europe & Central Asia,2016,82.91
CHE,Switzerland,Europe & Central Asia,2017,85.19
CHE,Switzerland,Europe & Central Asia,2018,85.75
CHE,Switzerland,Europe & Central Asia,2019,86.00
CHE,Switzerland,Europe & Central Asia,2020,88.93
CHE,Switzerland,Europe & Central Asia,2021,90.22
CHL,Chile,Latin America & Caribbean,2014,0.00
CHL,Chile,Latin America & Caribbean,2015,38.77
CHL,Chile,Latin America & Caribbean,2016,66.28
CHL,Chile,Latin America & Caribbean,2017,80.58
CHL,Chile,Latin America & Caribbean,2018,82.43
CHL,Chile,Latin America & Caribbean,2019,82.79
CHL,Chile,Latin America & Caribbean,2020,82.88
CHL,Chile,Latin America & Caribbean,2021,84.64
CHN,China,East Asia & Pacific,2014,37.24
CHN,China,East Asia & Pacific,2015,62.73
CHN,China,East Asia & Pacific,2016,69.84
CHN,China,East Asia & Pacific,2017,76.96
CHN,China,East Asia & Pacific,2018,81.74
CHN,China,East Asia & Pacific,2019,83.38
CHN,China,East Asia & Pacific,2020,88.61
CHN,China,East Asia & Pacific,2021,89.44
CIV,Cote d'Ivoire,Sub-Saharan Africa,2014,0.00
CIV,Cote d'Ivoire,Sub-Saharan Africa,2015,15.59
CIV,Cote d'Ivoire,Sub-Saharan Africa,2016,59.44
CIV,Cote d'Ivoire,Sub-Saharan Africa,2017,64.28
CIV,Cote d'Ivoire,Sub-Saharan Africa,2018,71.78
CIV,Cote d'Ivoire,Sub-Saharan Africa,2019,74.67
CIV,Cote d'Ivoire,Sub-Saharan Africa,2020,78.48
CIV,Cote d'Ivoire,Sub-Saharan Africa,2021,80.09
CMR,Cameroon,Sub-Saharan Africa,2014,0.00
CMR,Cameroon,Sub-Saharan Africa,2015,0.00
CMR,Cameroon,Sub-Saharan Africa,2016,16.74
CMR,Cameroon,Sub-Saharan Africa,2017,59.52
CMR,Cameroon,Sub-Saharan Africa,2018,65.32
CMR,Cameroon,Sub-Saharan Africa,2019,60.77
CMR,Cameroon,Sub-Saharan Africa,2020,72.66
CMR,Cameroon,Sub-Saharan Africa,2021,79.67
COD,Congo Democratic Republic,Sub-Saharan Africa,2014,0.00
COD,Congo Democratic Republic,Sub-Saharan Africa,2015,0.00
COD,Congo Democratic Republic,Sub-Saharan Africa,2016,0.00
COD,Congo Democratic Republic,Sub-Saharan Africa,2017,44.74
COD,Congo Democratic Republic,Sub-Saharan Africa,2018,39.09
COD,Congo Democratic Republic,Sub-Saharan Africa,2019,52.91
COD,Congo Democratic Republic,Sub-Saharan Africa,2020,62.39
COD,Congo Democratic Republic,Sub-Saharan Africa,2021,56.74
COG,Congo,Sub-Saharan Africa,2014,0.00
COG,Congo,Sub-Saharan Africa,2015,0.00
COG,Congo,Sub-Saharan Africa,2016,0.00
COG,Congo,Sub-Saharan Africa,2017,42.35
COG,Congo,Sub-Saharan Africa,2018,58.42
COG,Congo,Sub-Saharan Africa,2019,72.47
COG,Congo,Sub-Saharan Africa,2020,81.95
COG,Congo,Sub-Saharan Africa,2021,82.36
COL,Colombia,Latin America & Caribbean,2014,20.61
COL,Colombia,Latin America & Caribbean,2015,22.96
COL,Colombia,Latin America & Caribbean,2016,24.93
COL,Colombia,Latin America & Caribbean,2017,65.66
COL,Colombia,Latin America & Caribbean,2018,71.94
COL,Colombia,Latin America & Caribbean,2019,73.54
COL,Colombia,Latin America & Caribbean,2020,75.82
COL,Colombia,Latin America & Caribbean,2021,74.28
COM,Comoros,Middle East & North Africa,2014,0.00
COM,Comoros,Middle East & North Africa,2015,0.00
COM,Comoros,Middle East & North Africa,2016,0.00
COM,Comoros,Middle East & North Africa,2017,0.00
COM,Comoros,Middle East & North Africa,2018,0.00
COM,Comoros,Middle East & North Africa,2019,20.20
COM,Comoros,Middle East & North Africa,2020,0.00
COM,Comoros,Middle East & North Africa,2021,0.00
CPV,Cabo Verde,Sub-Saharan Africa,2014,39.47
CPV,Cabo Verde,Sub-Saharan Africa,2015,43.16
CPV,Cabo Verde,Sub-Saharan Africa,2016,71.58
CPV,Cabo Verde,Sub-Saharan Africa,2017,79.47
CPV,Cabo Verde,Sub-Saharan Africa,2018,79.47
CPV,Cabo Verde,Sub-Saharan Africa,2019,75.56
CPV,Cabo Verde,Sub-Saharan Africa,2020,80.28
CPV,Cabo Verde,Sub-Saharan Africa,2021,83.96
CRI,Costa Rica,Latin America & Caribbean,2014,0.00
CRI,Costa Rica,Latin America & Caribbean,2015,24.59
CRI,Costa Rica,Latin America & Caribbean,2016,35.64
CRI,Costa Rica,Latin America & Caribbean,2017,54.26
CRI,Costa Rica,Latin America & Caribbean,2018,63.51
CRI,Costa Rica,Latin America & Caribbean,2019,68.41
CRI,Costa Rica,Latin America & Caribbean,2020,80.91
CRI,Costa Rica,Latin America & Caribbean,2021,85.23
CYP,Cyprus,Europe & Central Asia,2014,36.32
CYP,Cyprus,Europe & Central Asia,2015,58.98
CYP,Cyprus,Europe & Central Asia,2016,66.21
CYP,Cyprus,Europe & Central Asia,2017,81.03
CYP,Cyprus,Europe & Central Asia,2018,81.48
CYP,Cyprus,Europe & Central Asia,2019,83.76
CYP,Cyprus,Europe & Central Asia,2020,84.88
CYP,Cyprus,Europe & Central Asia,2021,86.62
CZE,Czechia,Europe & Central Asia,2014,54.87
CZE,Czechia,Europe & Central Asia,2015,67.29
CZE,Czechia,Europe & Central Asia,2016,77.02
CZE,Czechia,Europe & Central Asia,2017,85.57
CZE,Czechia,Europe & Central Asia,2018,85.67
CZE,Czechia,Europe & Central Asia,2019,88.18
CZE,Czechia,Europe & Central Asia,2020,89.90
CZE,Czechia,Europe & Central Asia,2021,89.53
DEU,Germany,Europe & Central Asia,2014,50.68
DEU,Germany,Europe & Central Asia,2015,63.21
DEU,Germany,Europe & Central Asia,2016,73.60
DEU,Germany,Europe & Central Asia,2017,79.22
DEU,Germany,Europe & Central Asia,2018,80.79
DEU,Germany,Europe & Central Asia,2019,81.44
DEU,Germany,Europe & Central Asia,2020,84.51
DEU,Germany,Europe & Central Asia,2021,88.13
DNK,Denmark,Europe & Central Asia,2014,65.56
DNK,Denmark,Europe & Central Asia,2015,74.69
DNK,Denmark,Europe & Central Asia,2016,84.04
DNK,Denmark,Europe & Central Asia,2017,88.52
DNK,Denmark,Europe & Central Asia,2018,87.90
DNK,Denmark,Europe & Central Asia,2019,87.99
DNK,Denmark,Europe & Central Asia,2020,89.09
DNK,Denmark,Europe & Central Asia,2021,91.08
DOM,Dominican Republic,Latin America & Caribbean,2014,19.12
DOM,Dominican Republic,Latin America & Caribbean,2015,36.17
DOM,Dominican Republic,Latin America & Caribbean,2016,57.09
DOM,Dominican Republic,Latin America & Caribbean,2017,70.09
DOM,Dominican Republic,Latin America & Caribbean,2018,75.26
DOM,Dominican Republic,Latin America & Caribbean,2019,74.26
DOM,Dominican Republic,Latin America & Caribbean,2020,77.88
DOM,Dominican Republic,Latin America & Caribbean,2021,83.00
DZA,Algeria,Middle East & North Africa,2014,0.00
DZA,Algeria,Middle East & North Africa,2015,30.53
DZA,Algeria,Middle East & North Africa,2016,43.64
DZA,Algeria,Middle East & North Africa,2017,69.34
DZA,Algeria,Middle East & North Africa,2018,68.92
DZA,Algeria,Middle East & North Africa,2019,67.17
DZA,Algeria,Middle East & North Africa,2020,77.06
DZA,Algeria,Middle East & North Africa,2021,82.14
ECU,Ecuador,Latin America & Caribbean,2014,0.00
ECU,Ecuador,Latin America & Caribbean,2015,7.93
ECU,Ecuador,Latin America & Caribbean,2016,38.94
ECU,Ecuador,Latin America & Caribbean,2017,68.21
ECU,Ecuador,Latin America & Caribbean,2018,77.52
ECU,Ecuador,Latin America & Caribbean,2019,81.53
ECU,Ecuador,Latin America & Caribbean,2020,84.49
ECU,Ecuador,Latin America & Caribbean,2021,85.65
EGY,Egypt,Middle East & North Africa,2014,36.32
EGY,Egypt,Middle East & North Africa,2015,53.95
EGY,Egypt,Middle East & North Africa,2016,71.32
EGY,Egypt,Middle East & North Africa,2017,76.73
EGY,Egypt,Middle East & North Africa,2018,79.13
EGY,Egypt,Middle East & North Africa,2019,77.11
EGY,Egypt,Middle East & North Africa,2020,77.97
EGY,Egypt,Middle East & North Africa,2021,81.45
ESP,Spain,Europe & Central Asia,2014,42.39
ESP,Spain,Europe & Central Asia,2015,61.53
ESP,Spain,Europe & Central Asia,2016,71.74
ESP,Spain,Europe & Central Asia,2017,77.23
ESP,Spain,Europe & Central Asia,2018,78.36
ESP,Spain,Europe & Central Asia,2019,79.27
ESP,Spain,Europe & Central Asia,2020,80.85
ESP,Spain,Europe & Central Asia,2021,82.09
EST,Estonia,Europe & Central Asia,2014,62.88
EST,Estonia,Europe & Central Asia,2015,75.00
EST,Estonia,Europe & Central Asia,2016,83.78
EST,Estonia,Europe & Central Asia,2017,88.60
EST,Estonia,Europe & Central Asia,2018,89.11
EST,Estonia,Europe & Central Asia,2019,89.46
EST,Estonia,Europe & Central Asia,2020,89.78
EST,Estonia,Europe & Central Asia,2021,89.56
ETH,Ethiopia,Sub-Saharan Africa,2014,25.53
ETH,Ethiopia,Sub-Saharan Africa,2015,54.71
ETH,Ethiopia,Sub-Saharan Africa,2016,47.13
ETH,Ethiopia,Sub-Saharan Africa,2017,43.16
ETH,Ethiopia,Sub-Saharan Africa,2018,54.70
ETH,Ethiopia,Sub-Saharan Africa,2019,52.55
ETH,Ethiopia,Sub-Saharan Africa,2020,57.32
ETH,Ethiopia,Sub-Saharan Africa,2021,69.24
FIN,Finland,Europe & Central Asia,2014,61.50
FIN,Finland,Europe & Central Asia,2015,76.68
FIN,Finland,Europe & Central Asia,2016,83.91
FIN,Finland,Europe & Central Asia,2017,87.40
FIN,Finland,Europe & Central Asia,2018,88.21
FIN,Finland,Europe & Central Asia,2019,89.33
FIN,Finland,Europe & Central Asia,2020,90.30
FIN,Finland,Europe & Central Asia,2021,92.07
FJI,Fiji,East Asia & Pacific,2014,15.43
FJI,Fiji,East Asia & Pacific,2015,56.35
FJI,Fiji,East Asia & Pacific,2016,70.25
FJI,Fiji,East Asia & Pacific,2017,79.12
FJI,Fiji,East Asia & Pacific,2018,79.72
FJI,Fiji,East Asia & Pacific,2019,80.36
FJI,Fiji,East Asia & Pacific,2020,84.58
FJI,Fiji,East Asia & Pacific,2021,88.34
FRA,France,Europe & Central Asia,2014,36.22
FRA,France,Europe & Central Asia,2015,62.23
FRA,France,Europe & Central Asia,2016,72.88
FRA,France,Europe & Central Asia,2017,79.22
FRA,France,Europe & Central Asia,2018,78.54
FRA,France,Europe & Central Asia,2019,78.26
FRA,France,Europe & Central Asia,2020,81.50
FRA,France,Europe & Central Asia,2021,83.59
GAB,Gabon,Sub-Saharan Africa,2014,0.00
GAB,Gabon,Sub-Saharan Africa,2015,0.00
GAB,Gabon,Sub-Saharan Africa,2016,25.78
GAB,Gabon,Sub-Saharan Africa,2017,50.05
GAB,Gabon,Sub-Saharan Africa,2018,68.93
GAB,Gabon,Sub-Saharan Africa,2019,58.91
GAB,Gabon,Sub-Saharan Africa,2020,67.21
GAB,Gabon,Sub-Saharan Africa,2021,81.49
GBR,United Kingdom,Europe & Central Asia,2014,42.82
GBR,United Kingdom,Europe & Central Asia,2015,64.57
GBR,United Kingdom,Europe & Central Asia,2016,78.86
GBR,United Kingdom,Europe & Central Asia,2017,81.24
GBR,United Kingdom,Europe & Central Asia,2018,81.70
GBR,United Kingdom,Europe & Central Asia,2019,81.91
GBR,United Kingdom,Europe & Central Asia,2020,82.65
GBR,United Kingdom,Europe & Central Asia,2021,83.27
GEO,Georgia,Europe & Central Asia,2014,30.92
GEO,Georgia,Europe & Central Asia,2015,46.70
GEO,Georgia,Europe & Central Asia,2016,60.66
GEO,Georgia,Europe & Central Asia,2017,76.50
GEO,Georgia,Europe & Central Asia,2018,77.65
GEO,Georgia,Europe & Central Asia,2019,76.28
GEO,Georgia,Europe & Central Asia,2020,80.18
GEO,Georgia,Europe & Central Asia,2021,85.29
GHA,Ghana,Sub-Saharan Africa,2014,0.00
GHA,Ghana,Sub-Saharan Africa,2015,17.90
GHA,Ghana,Sub-Saharan Africa,2016,31.89
GHA,Ghana,Sub-Saharan Africa,2017,62.43
GHA,Ghana,Sub-Saharan Africa,2018,67.91
GHA,Ghana,Sub-Saharan Africa,2019,69.87
GHA,Ghana,Sub-Saharan Africa,2020,71.01
GHA,Ghana,Sub-Saharan Africa,2021,75.47
GIN,Guinea,Sub-Saharan Africa,2014,0.00
GIN,Guinea,Sub-Saharan Africa,2015,0.00
GIN,Guinea,Sub-Saharan Africa,2016,0.00
GIN,Guinea,Sub-Saharan Africa,2017,0.00
GIN,Guinea,Sub-Saharan Africa,2018,6.84
GIN,Guinea,Sub-Saharan Africa,2019,21.42
GIN,Guinea,Sub-Saharan Africa,2020,39.98
GIN,Guinea,Sub-Saharan Africa,2021,61.35
GMB,Gambia,Sub-Saharan Africa,2014,0.00
GMB,Gambia,Sub-Saharan Africa,2015,0.00
GMB,Gambia,Sub-Saharan Africa,2016,31.32
GMB,Gambia,Sub-Saharan Africa,2017,62.36
GMB,Gambia,Sub-Saharan Africa,2018,64.98
GMB,Gambia,Sub-Saharan Africa,2019,73.36
GMB,Gambia,Sub-Saharan Africa,2020,74.53
GMB,Gambia,Sub-Saharan Africa,2021,84.21
GNB,Guinea-Bissau,Sub-Saharan Africa,2014,31.02
GNB,Guinea-Bissau,Sub-Saharan Africa,2015,31.02
GNB,Guinea-Bissau,Sub-Saharan Africa,2016,48.34
GNB,Guinea-Bissau,Sub-Saharan Africa,2017,54.11
GNB,Guinea-Bissau,Sub-Saharan Africa,2018,51.40
GNB,Guinea-Bissau,Sub-Saharan Africa,2019,73.77
GNB,Guinea-Bissau,Sub-Saharan Africa,2020,84.26
GNB,Guinea-Bissau,Sub-Saharan Africa,2021,80.23
GRC,Greece,Europe & Central Asia,2014,49.60
GRC,Greece,Europe & Central Asia,2015,63.02
GRC,Greece,Europe & Central Asia,2016,74.46
GRC,Greece,Europe & Central Asia,2017,83.18
GRC,Greece,Europe & Central Asia,2018,85.31
GRC,Greece,Europe & Central Asia,2019,86.57
GRC,Greece,Europe & Central Asia,2020,88.66
GRC,Greece,Europe & Central Asia,2021,90.16
GTM,Guatemala,Latin America & Caribbean,2014,0.00
GTM,Guatemala,Latin America & Caribbean,2015,13.19
GTM,Guatemala,Latin America & Caribbean,2016,63.07
GTM,Guatemala,Latin America & Caribbean,2017,75.44
GTM,Guatemala,Latin America & Caribbean,2018,73.07
GTM,Guatemala,Latin America & Caribbean,2019,77.59
GTM,Guatemala,Latin America & Caribbean,2020,77.92
GTM,Guatemala,Latin America & Caribbean,2021,83.93
GUY,Guyana,Latin America & Caribbean,2014,62.37
GUY,Guyana,Latin America & Caribbean,2015,62.37
GUY,Guyana,Latin America & Caribbean,2016,62.37
GUY,Guyana,Latin America & Caribbean,2017,76.84
GUY,Guyana,Latin America & Caribbean,2018,81.58
GUY,Guyana,Latin America & Caribbean,2019,81.42
GUY,Guyana,Latin America & Caribbean,2020,85.50
GUY,Guyana,Latin America & Caribbean,2021,86.25
HKG,Hong Kong,East Asia & Pacific,2014,60.83
HKG,Hong Kong,East Asia & Pacific,2015,72.66
HKG,Hong Kong,East Asia & Pacific,2016,82.13
HKG,Hong Kong,East Asia & Pacific,2017,86.05
HKG,Hong Kong,East Asia & Pacific,2018,87.08
HKG,Hong Kong,East Asia & Pacific,2019,86.88
HKG,Hong Kong,East Asia & Pacific,2020,90.16
HKG,Hong Kong,East Asia & Pacific,2021,91.55
HND,Honduras,Latin America & Caribbean,2014,0.00
HND,Honduras,Latin America & Caribbean,2015,41.11
HND,Honduras,Latin America & Caribbean,2016,50.35
HND,Honduras,Latin America & Caribbean,2017,71.69
HND,Honduras,Latin America & Caribbean,2018,74.13
HND,Honduras,Latin America & Caribbean,2019,72.46
HND,Honduras,Latin America & Caribbean,2020,77.29
HND,Honduras,Latin America & Caribbean,2021,80.85
HRV,Croatia,Europe & Central Asia,2014,33.12
HRV,Croatia,Europe & Central Asia,2015,56.76
HRV,Croatia,Europe & Central Asia,2016,71.62
HRV,Croatia,Europe & Central Asia,2017,81.51
HRV,Croatia,Europe & Central Asia,2018,81.33
HRV,Croatia,Europe & Central Asia,2019,83.40
HRV,Croatia,Europe & Central Asia,2020,85.30
HRV,Croatia,Europe & Central Asia,2021,87.65
HTI,Haiti,Latin America & Caribbean,2014,7.63
HTI,Haiti,Latin America & Caribbean,2015,41.58
HTI,Haiti,Latin America & Caribbean,2016,59.47
HTI,Haiti,Latin America & Caribbean,2017,67.98
HTI,Haiti,Latin America & Caribbean,2018,69.54
HTI,Haiti,Latin America & Caribbean,2019,72.20
HTI,Haiti,Latin America & Caribbean,2020,74.91
HTI,Haiti,Latin America & Caribbean,2021,78.58
HUN,Hungary,Europe & Central Asia,2014,63.39
HUN,Hungary,Europe & Central Asia,2015,72.25
HUN,Hungary,Europe & Central Asia,2016,80.94
HUN,Hungary,Europe & Central Asia,2017,85.28
HUN,Hungary,Europe & Central Asia,2018,86.52
HUN,Hungary,Europe & Central Asia,2019,86.16
HUN,Hungary,Europe & Central Asia,2020,89.23
HUN,Hungary,Europe & Central Asia,2021,90.63
IDN,Indonesia,East Asia & Pacific,2014,1.84
IDN,Indonesia,East Asia & Pacific,2015,36.59
IDN,Indonesia,East Asia & Pacific,2016,60.22
IDN,Indonesia,East Asia & Pacific,2017,71.53
IDN,Indonesia,East Asia & Pacific,2018,74.49
IDN,Indonesia,East Asia & Pacific,2019,75.38
IDN,Indonesia,East Asia & Pacific,2020,82.39
IDN,Indonesia,East Asia & Pacific,2021,84.65
IND,India,South Asia,2014,11.43
IND,India,South Asia,2015,28.12
IND,India,South Asia,2016,49.23
IND,India,South Asia,2017,67.07
IND,India,South Asia,2018,66.60
IND,India,South Asia,2019,71.22
IND,India,South Asia,2020,76.62
IND,India,South Asia,2021,79.18
IRL,Ireland,Europe & Central Asia,2014,38.37
IRL,Ireland,Europe & Central Asia,2015,59.46
IRL,Ireland,Europe & Central Asia,2016,74.65
IRL,Ireland,Europe & Central Asia,2017,80.36
IRL,Ireland,Europe & Central Asia,2018,81.68
IRL,Ireland,Europe & Central Asia,2019,82.21
IRL,Ireland,Europe & Central Asia,2020,85.13
IRL,Ireland,Europe & Central Asia,2021,87.50
IRN,Iran,Middle East & North Africa,2014,23.73
IRN,Iran,Middle East & North Africa,2015,23.73
IRN,Iran,Middle East & North Africa,2016,59.38
IRN,Iran,Middle East & North Africa,2017,75.42
IRN,Iran,Middle East & North Africa,2018,73.12
IRN,Iran,Middle East & North Africa,2019,80.14
IRN,Iran,Middle East & North Africa,2020,81.48
IRN,Iran,Middle East & North Africa,2021,82.17
IRQ,Iraq,Middle East & North Africa,2014,47.92
IRQ,Iraq,Middle East & North Africa,2015,47.92
IRQ,Iraq,Middle East & North Africa,2016,37.95
IRQ,Iraq,Middle East & North Africa,2017,47.87
IRQ,Iraq,Middle East & North Africa,2018,44.11
IRQ,Iraq,Middle East & North Africa,2019,44.46
IRQ,Iraq,Middle East & North Africa,2020,55.75
IRQ,Iraq,Middle East & North Africa,2021,79.61
ISL,Iceland,Europe & Central Asia,2014,65.39
ISL,Iceland,Europe & Central Asia,2015,74.08
ISL,Iceland,Europe & Central Asia,2016,79.95
ISL,Iceland,Europe & Central Asia,2017,88.02
ISL,Iceland,Europe & Central Asia,2018,89.27
ISL,Iceland,Europe & Central Asia,2019,88.96
ISL,Iceland,Europe & Central Asia,2020,91.60
ISL,Iceland,Europe & Central Asia,2021,92.65
ISR,Israel,Middle East & North Africa,2014,45.18
ISR,Israel,Middle East & North Africa,2015,60.48
ISR,Israel,Middle East & North Africa,2016,67.91
ISR,Israel,Middle East & North Africa,2017,80.51
ISR,Israel,Middle East & North Africa,2018,81.93
ISR,Israel,Middle East & North Africa,2019,83.08
ISR,Israel,Middle East & North Africa,2020,87.48
ISR,Israel,Middle East & North Africa,2021,90.06
ITA,Italy,Europe & Central Asia,2014,39.35
ITA,Italy,Europe & Central Asia,2015,59.48
ITA,Italy,Europe & Central Asia,2016,70.99
ITA,Italy,Europe & Central Asia,2017,79.71
ITA,Italy,Europe & Central Asia,2018,73.48
ITA,Italy,Europe & Central Asia,2019,73.97
ITA,Italy,Europe & Central Asia,2020,79.28
ITA,Italy,Europe & Central Asia,2021,80.89
JAM,Jamaica,Latin America & Caribbean,2014,0.00
JAM,Jamaica,Latin America & Caribbean,2015,51.05
JAM,Jamaica,Latin America & Caribbean,2016,62.00
JAM,Jamaica,Latin America & Caribbean,2017,77.12
JAM,Jamaica,Latin America & Caribbean,2018,75.40
JAM,Jamaica,Latin America & Caribbean,2019,76.59
JAM,Jamaica,Latin America & Caribbean,2020,78.11
JAM,Jamaica,Latin America & Caribbean,2021,82.97
JOR,Jordan,Middle East & North Africa,2014,13.16
JOR,Jordan,Middle East & North Africa,2015,41.94
JOR,Jordan,Middle East & North Africa,2016,60.12
JOR,Jordan,Middle East & North Africa,2017,78.86
JOR,Jordan,Middle East & North Africa,2018,82.79
JOR,Jordan,Middle East & North Africa,2019,85.15
JOR,Jordan,Middle East & North Africa,2020,89.05
JOR,Jordan,Middle East & North Africa,2021,91.47
JPN,Japan,East Asia & Pacific,2014,24.54
JPN,Japan,East Asia & Pacific,2015,43.97
JPN,Japan,East Asia & Pacific,2016,60.54
JPN,Japan,East Asia & Pacific,2017,68.52
JPN,Japan,East Asia & Pacific,2018,72.83
JPN,Japan,East Asia & Pacific,2019,74.12
JPN,Japan,East Asia & Pacific,2020,79.14
JPN,Japan,East Asia & Pacific,2021,81.56
KAZ,Kazakhstan,Europe & Central Asia,2014,31.50
KAZ,Kazakhstan,Europe & Central Asia,2015,45.13
KAZ,Kazakhstan,Europe & Central Asia,2016,57.01
KAZ,Kazakhstan,Europe & Central Asia,2017,71.64
KAZ,Kazakhstan,Europe & Central Asia,2018,74.98
KAZ,Kazakhstan,Europe & Central Asia,2019,76.19
KAZ,Kazakhstan,Europe & Central Asia,2020,79.59
KAZ,Kazakhstan,Europe & Central Asia,2021,82.45
KEN,Kenya,Sub-Saharan Africa,2014,0.00
KEN,Kenya,Sub-Saharan Africa,2015,39.67
KEN,Kenya,Sub-Saharan Africa,2016,63.52
KEN,Kenya,Sub-Saharan Africa,2017,74.37
KEN,Kenya,Sub-Saharan Africa,2018,75.96
KEN,Kenya,Sub-Saharan Africa,2019,76.09
KEN,Kenya,Sub-Saharan Africa,2020,76.55
KEN,Kenya,Sub-Saharan Africa,2021,79.47
KGZ,Kyrgyzstan,Europe & Central Asia,2014,37.04
KGZ,Kyrgyzstan,Europe & Central Asia,2015,49.06
KGZ,Kyrgyzstan,Europe & Central Asia,2016,64.89
KGZ,Kyrgyzstan,Europe & Central Asia,2017,76.25
KGZ,Kyrgyzstan,Europe & Central Asia,2018,74.94
KGZ,Kyrgyzstan,Europe & Central Asia,2019,77.34
KGZ,Kyrgyzstan,Europe & Central Asia,2020,82.42
KGZ,Kyrgyzstan,Europe & Central Asia,2021,85.72
KHM,Cambodia,East Asia & Pacific,2014,16.24
KHM,Cambodia,East Asia & Pacific,2015,56.22
KHM,Cambodia,East Asia & Pacific,2016,69.24
KHM,Cambodia,East Asia & Pacific,2017,76.29
KHM,Cambodia,East Asia & Pacific,2018,77.88
KHM,Cambodia,East Asia & Pacific,2019,75.85
KHM,Cambodia,East Asia & Pacific,2020,79.46
KHM,Cambodia,East Asia & Pacific,2021,85.76
KOR,Korea South,East Asia & Pacific,2014,40.97
KOR,Korea South,East Asia & Pacific,2015,78.06
KOR,Korea South,East Asia & Pacific,2016,81.88
KOR,Korea South,East Asia & Pacific,2017,83.19
KOR,Korea South,East Asia & Pacific,2018,85.47
KOR,Korea South,East Asia & Pacific,2019,86.82
KOR,Korea South,East Asia & Pacific,2020,86.09
KOR,Korea South,East Asia & Pacific,2021,89.44
KWT,Kuwait,Middle East & North Africa,2014,36.80
KWT,Kuwait,Middle East & North Africa,2015,51.36
KWT,Kuwait,Middle East & North Africa,2016,69.18
KWT,Kuwait,Middle East & North Africa,2017,79.75
KWT,Kuwait,Middle East & North Africa,2018,78.80
KWT,Kuwait,Middle East & North Africa,2019,81.57
KWT,Kuwait,Middle East & North Africa,2020,83.41
KWT,Kuwait,Middle East & North Africa,2021,89.77
LAO,Laos,East Asia & Pacific,2014,28.16
LAO,Laos,East Asia & Pacific,2015,45.29
LAO,Laos,East Asia & Pacific,2016,60.67
LAO,Laos,East Asia & Pacific,2017,76.11
LAO,Laos,East Asia & Pacific,2018,75.34
LAO,Laos,East Asia & Pacific,2019,77.80
LAO,Laos,East Asia & Pacific,2020,79.94
LAO,Laos,East Asia & Pacific,2021,81.91
LBN,Lebanon,Middle East & North Africa,2014,45.83
LBN,Lebanon,Middle East & North Africa,2015,51.01
LBN,Lebanon,Middle East & North Africa,2016,65.63
LBN,Lebanon,Middle East & North Africa,2017,78.47
LBN,Lebanon,Middle East & North Africa,2018,79.83
LBN,Lebanon,Middle East & North Africa,2019,82.99
LBN,Lebanon,Middle East & North Africa,2020,87.01
LBN,Lebanon,Middle East & North Africa,2021,86.96
LBR,Liberia,Sub-Saharan Africa,2014,0.00
LBR,Liberia,Sub-Saharan Africa,2015,0.00
LBR,Liberia,Sub-Saharan Africa,2016,52.01
LBR,Liberia,Sub-Saharan Africa,2017,67.28
LBR,Liberia,Sub-Saharan Africa,2018,72.75
LBR,Liberia,Sub-Saharan Africa,2019,77.66
LBR,Liberia,Sub-Saharan Africa,2020,71.96
LBR,Liberia,Sub-Saharan Africa,2021,86.89
LBY,Libya,Middle East & North Africa,2014,0.00
LBY,Libya,Middle East & North Africa,2015,0.00
LBY,Libya,Middle East & North Africa,2016,0.00
LBY,Libya,Middle East & North Africa,2017,69.81
LBY,Libya,Middle East & North Africa,2018,67.33
LBY,Libya,Middle East & North Africa,2019,62.43
LBY,Libya,Middle East & North Africa,2020,65.15
LBY,Libya,Middle East & North Africa,2021,77.62
LCA,Saint Lucia,Latin America & Caribbean,2014,41.32
LCA,Saint Lucia,Latin America & Caribbean,2015,11.05
LCA,Saint Lucia,Latin America & Caribbean,2016,24.47
LCA,Saint Lucia,Latin America & Caribbean,2017,40.10
LCA,Saint Lucia,Latin America & Caribbean,2018,40.88
LCA,Saint Lucia,Latin America & Caribbean,2019,49.26
LCA,Saint Lucia,Latin America & Caribbean,2020,50.59
LCA,Saint Lucia,Latin America & Caribbean,2021,70.46
LKA,Sri Lanka,South Asia,2014,0.00
LKA,Sri Lanka,South Asia,2015,27.52
LKA,Sri Lanka,South Asia,2016,53.79
LKA,Sri Lanka,South Asia,2017,75.08
LKA,Sri Lanka,South Asia,2018,76.26
LKA,Sri Lanka,South Asia,2019,79.11
LKA,Sri Lanka,South Asia,2020,80.46
LKA,Sri Lanka,South Asia,2021,82.00
LSO,Lesotho,Sub-Saharan Africa,2014,42.00
LSO,Lesotho,Sub-Saharan Africa,2015,49.65
LSO,Lesotho,Sub-Saharan Africa,2016,65.40
LSO,Lesotho,Sub-Saharan Africa,2017,79.64
LSO,Lesotho,Sub-Saharan Africa,2018,81.56
LSO,Lesotho,Sub-Saharan Africa,2019,83.41
LSO,Lesotho,Sub-Saharan Africa,2020,85.83
LSO,Lesotho,Sub-Saharan Africa,2021,84.85
LTU,Lithuania,Europe & Central Asia,2014,58.69
LTU,Lithuania,Europe & Central Asia,2015,68.70
LTU,Lithuania,Europe & Central Asia,2016,77.98
LTU,Lithuania,Europe & Central Asia,2017,86.96
LTU,Lithuania,Europe & Central Asia,2018,87.66
LTU,Lithuania,Europe & Central Asia,2019,88.96
LTU,Lithuania,Europe & Central Asia,2020,90.07
LTU,Lithuania,Europe & Central Asia,2021,89.85
LUX,Luxembourg,Europe & Central Asia,2014,56.83
LUX,Luxembourg,Europe & Central Asia,2015,66.47
LUX,Luxembourg,Europe & Central Asia,2016,72.95
LUX,Luxembourg,Europe & Central Asia,2017,79.76
LUX,Luxembourg,Europe & Central Asia,2018,80.34
LUX,Luxembourg,Europe & Central Asia,2019,83.79
LUX,Luxembourg,Europe & Central Asia,2020,84.88
LUX,Luxembourg,Europe & Central Asia,2021,86.99
LVA,Latvia,Europe & Central Asia,2014,61.16
LVA,Latvia,Europe & Central Asia,2015,74.23
LVA,Latvia,Europe & Central Asia,2016,82.83
LVA,Latvia,Europe & Central Asia,2017,86.71
LVA,Latvia,Europe & Central Asia,2018,87.11
LVA,Latvia,Europe & Central Asia,2019,87.03
LVA,Latvia,Europe & Central Asia,2020,88.76
LVA,Latvia,Europe & Central Asia,2021,90.62
MAR,Morocco,Middle East & North Africa,2014,21.58
MAR,Morocco,Middle East & North Africa,2015,49.65
MAR,Morocco,Middle East & North Africa,2016,56.27
MAR,Morocco,Middle East & North Africa,2017,77.28
MAR,Morocco,Middle East & North Africa,2018,79.34
MAR,Morocco,Middle East & North Africa,2019,80.31
MAR,Morocco,Middle East & North Africa,2020,85.36
MAR,Morocco,Middle East & North Africa,2021,87.31
MDA,Moldova,Europe & Central Asia,2014,60.96
MDA,Moldova,Europe & Central Asia,2015,72.02
MDA,Moldova,Europe & Central Asia,2016,79.18
MDA,Moldova,Europe & Central Asia,2017,85.41
MDA,Moldova,Europe & Central Asia,2018,87.53
MDA,Moldova,Europe & Central Asia,2019,86.93
MDA,Moldova,Europe & Central Asia,2020,90.01
MDA,Moldova,Europe & Central Asia,2021,89.98
MDG,Madagascar,Sub-Saharan Africa,2014,0.00
MDG,Madagascar,Sub-Saharan Africa,2015,0.00
MDG,Madagascar,Sub-Saharan Africa,2016,46.40
MDG,Madagascar,Sub-Saharan Africa,2017,55.92
MDG,Madagascar,Sub-Saharan Africa,2018,64.75
MDG,Madagascar,Sub-Saharan Africa,2019,66.04
MDG,Madagascar,Sub-Saharan Africa,2020,65.63
MDG,Madagascar,Sub-Saharan Africa,2021,69.87
MDV,Maldives,South Asia,2014,0.00
MDV,Maldives,South Asia,2015,45.10
MDV,Maldives,South Asia,2016,60.95
MDV,Maldives,South Asia,2017,82.76
MDV,Maldives,South Asia,2018,85.74
MDV,Maldives,South Asia,2019,84.26
MDV,Maldives,South Asia,2020,84.87
MDV,Maldives,South Asia,2021,87.28
MEX,Mexico,Latin America & Caribbean,2014,0.00
MEX,Mexico,Latin America & Caribbean,2015,26.36
MEX,Mexico,Latin America & Caribbean,2016,48.88
MEX,Mexico,Latin America & Caribbean,2017,59.81
MEX,Mexico,Latin America & Caribbean,2018,67.95
MEX,Mexico,Latin America & Caribbean,2019,67.40
MEX,Mexico,Latin America & Caribbean,2020,74.54
MEX,Mexico,Latin America & Caribbean,2021,75.73
MKD,North Macedonia,Europe & Central Asia,2014,33.79
MKD,North Macedonia,Europe & Central Asia,2015,54.06
MKD,North Macedonia,Europe & Central Asia,2016,71.26
MKD,North Macedonia,Europe & Central Asia,2017,77.91
MKD,North Macedonia,Europe & Central Asia,2018,79.28
MKD,North Macedonia,Europe & Central Asia,2019,82.32
MKD,North Macedonia,Europe & Central Asia,2020,84.35
MKD,North Macedonia,Europe & Central Asia,2021,86.28
MLI,Mali,Sub-Saharan Africa,2014,23.95
MLI,Mali,Sub-Saharan Africa,2015,7.63
MLI,Mali,Sub-Saharan Africa,2016,36.84
MLI,Mali,Sub-Saharan Africa,2017,58.99
MLI,Mali,Sub-Saharan Africa,2018,64.80
MLI,Mali,Sub-Saharan Africa,2019,75.32
MLI,Mali,Sub-Saharan Africa,2020,77.45
MLI,Mali,Sub-Saharan Africa,2021,81.48
MLT,Malta,Europe & Central Asia,2014,63.08
MLT,Malta,Europe & Central Asia,2015,67.02
MLT,Malta,Europe & Central Asia,2016,77.27
MLT,Malta,Europe & Central Asia,2017,75.13
MLT,Malta,Europe & Central Asia,2018,77.98
MLT,Malta,Europe & Central Asia,2019,85.90
MLT,Malta,Europe & Central Asia,2020,89.24
MLT,Malta,Europe & Central Asia,2021,90.05
MMR,Myanmar,East Asia & Pacific,2014,0.00
MMR,Myanmar,East Asia & Pacific,2015,22.63
MMR,Myanmar,East Asia & Pacific,2016,46.74
MMR,Myanmar,East Asia & Pacific,2017,60.89
MMR,Myanmar,East Asia & Pacific,2018,72.11
MMR,Myanmar,East Asia & Pacific,2019,79.74
MMR,Myanmar,East Asia & Pacific,2020,82.56
MMR,Myanmar,East Asia & Pacific,2021,66.13
MNE,Montenegro,Europe & Central Asia,2014,42.07
MNE,Montenegro,Europe & Central Asia,2015,59.50
MNE,Montenegro,Europe & Central Asia,2016,74.04
MNE,Montenegro,Europe & Central Asia,2017,87.54
MNE,Montenegro,Europe & Central Asia,2018,87.98
MNE,Montenegro,Europe & Central Asia,2019,88.61
MNE,Montenegro,Europe & Central Asia,2020,89.75
MNE,Montenegro,Europe & Central Asia,2021,90.23
MNG,Mongolia,East Asia & Pacific,2014,19.47
MNG,Mongolia,East Asia & Pacific,2015,61.32
MNG,Mongolia,East Asia & Pacific,2016,72.78
MNG,Mongolia,East Asia & Pacific,2017,70.95
MNG,Mongolia,East Asia & Pacific,2018,71.04
MNG,Mongolia,East Asia & Pacific,2019,68.97
MNG,Mongolia,East Asia & Pacific,2020,69.93
MNG,Mongolia,East Asia & Pacific,2021,66.95
MOZ,Mozambique,Sub-Saharan Africa,2014,0.00
MOZ,Mozambique,Sub-Saharan Africa,2015,0.00
MOZ,Mozambique,Sub-Saharan Africa,2016,40.00
MOZ,Mozambique,Sub-Saharan Africa,2017,71.05
MOZ,Mozambique,Sub-Saharan Africa,2018,70.50
MOZ,Mozambique,Sub-Saharan Africa,2019,63.92
MOZ,Mozambique,Sub-Saharan Africa,2020,76.02
MOZ,Mozambique,Sub-Saharan Africa,2021,76.31
MRT,Mauritania,Middle East & North Africa,2014,0.00
MRT,Mauritania,Middle East & North Africa,2015,0.00
MRT,Mauritania,Middle East & North Africa,2016,2.11
MRT,Mauritania,Middle East & North Africa,2017,0.00
MRT,Mauritania,Middle East & North Africa,2018,31.05
MRT,Mauritania,Middle East & North Africa,2019,24.21
MRT,Mauritania,Middle East & North Africa,2020,54.74
MRT,Mauritania,Middle East & North Africa,2021,70.17
MUS,Mauritius,Sub-Saharan Africa,2014,0.00
MUS,Mauritius,Sub-Saharan Africa,2015,61.51
MUS,Mauritius,Sub-Saharan Africa,2016,64.62
MUS,Mauritius,Sub-Saharan Africa,2017,70.75
MUS,Mauritius,Sub-Saharan Africa,2018,75.13
MUS,Mauritius,Sub-Saharan Africa,2019,75.95
MUS,Mauritius,Sub-Saharan Africa,2020,86.17
MUS,Mauritius,Sub-Saharan Africa,2021,88.55
MWI,Malawi,Sub-Saharan Africa,2014,0.00
MWI,Malawi,Sub-Saharan Africa,2015,12.63
MWI,Malawi,Sub-Saharan Africa,2016,60.33
MWI,Malawi,Sub-Saharan Africa,2017,51.24
MWI,Malawi,Sub-Saharan Africa,2018,65.54
MWI,Malawi,Sub-Saharan Africa,2019,72.51
MWI,Malawi,Sub-Saharan Africa,2020,83.10
MWI,Malawi,Sub-Saharan Africa,2021,80.86
MYS,Malaysia,East Asia & Pacific,2014,19.91
MYS,Malaysia,East Asia & Pacific,2015,38.15
MYS,Malaysia,East Asia & Pacific,2016,61.11
MYS,Malaysia,East Asia & Pacific,2017,77.27
MYS,Malaysia,East Asia & Pacific,2018,80.19
MYS,Malaysia,East Asia & Pacific,2019,81.24
MYS,Malaysia,East Asia & Pacific,2020,84.49
MYS,Malaysia,East Asia & Pacific,2021,87.19
NAM,Namibia,Sub-Saharan Africa,2014,41.15
NAM,Namibia,Sub-Saharan Africa,2015,54.75
NAM,Namibia,Sub-Saharan Africa,2016,72.94
NAM,Namibia,Sub-Saharan Africa,2017,81.26
NAM,Namibia,Sub-Saharan Africa,2018,82.78
NAM,Namibia,Sub-Saharan Africa,2019,80.42
NAM,Namibia,Sub-Saharan Africa,2020,82.10
NAM,Namibia,Sub-Saharan Africa,2021,83.82
NER,Niger,Sub-Saharan Africa,2014,0.00
NER,Niger,Sub-Saharan Africa,2015,0.00
NER,Niger,Sub-Saharan Africa,2016,0.00
NER,Niger,Sub-Saharan Africa,2017,0.00
NER,Niger,Sub-Saharan Africa,2018,0.00
NER,Niger,Sub-Saharan Africa,2019,0.00
NER,Niger,Sub-Saharan Africa,2020,0.00
NER,Niger,Sub-Saharan Africa,2021,44.51
NGA,Nigeria,Sub-Saharan Africa,2014,0.00
NGA,Nigeria,Sub-Saharan Africa,2015,0.00
NGA,Nigeria,Sub-Saharan Africa,2016,13.43
NGA,Nigeria,Sub-Saharan Africa,2017,52.94
NGA,Nigeria,Sub-Saharan Africa,2018,54.87
NGA,Nigeria,Sub-Saharan Africa,2019,63.98
NGA,Nigeria,Sub-Saharan Africa,2020,67.98
NGA,Nigeria,Sub-Saharan Africa,2021,71.73
NIC,Nicaragua,Latin America & Caribbean,2014,24.74
NIC,Nicaragua,Latin America & Caribbean,2015,44.30
NIC,Nicaragua,Latin America & Caribbean,2016,41.67
NIC,Nicaragua,Latin America & Caribbean,2017,75.04
NIC,Nicaragua,Latin America & Caribbean,2018,75.47
NIC,Nicaragua,Latin America & Caribbean,2019,80.05
NIC,Nicaragua,Latin America & Caribbean,2020,81.55
NIC,Nicaragua,Latin America & Caribbean,2021,81.83
NLD,Netherlands,Europe & Central Asia,2014,61.96
NLD,Netherlands,Europe & Central Asia,2015,73.82
NLD,Netherlands,Europe & Central Asia,2016,82.37
NLD,Netherlands,Europe & Central Asia,2017,86.43
NLD,Netherlands,Europe & Central Asia,2018,87.43
NLD,Netherlands,Europe & Central Asia,2019,88.31
NLD,Netherlands,Europe & Central Asia,2020,90.18
NLD,Netherlands,Europe & Central Asia,2021,90.61
NOR,Norway,Europe & Central Asia,2014,61.79
NOR,Norway,Europe & Central Asia,2015,77.09
NOR,Norway,Europe & Central Asia,2016,83.81
NOR,Norway,Europe & Central Asia,2017,85.23
NOR,Norway,Europe & Central Asia,2018,85.11
NOR,Norway,Europe & Central Asia,2019,84.36
NOR,Norway,Europe & Central Asia,2020,86.93
NOR,Norway,Europe & Central Asia,2021,87.24
NPL,Nepal,South Asia,2014,19.61
NPL,Nepal,South Asia,2015,55.08
NPL,Nepal,South Asia,2016,68.59
NPL,Nepal,South Asia,2017,73.90
NPL,Nepal,South Asia,2018,74.25
NPL,Nepal,South Asia,2019,78.00
NPL,Nepal,South Asia,2020,82.60
NPL,Nepal,South Asia,2021,84.92
NZL,New Zealand,East Asia & Pacific,2014,58.93
NZL,New Zealand,East Asia & Pacific,2015,70.61
NZL,New Zealand,East Asia & Pacific,2016,77.63
NZL,New Zealand,East Asia & Pacific,2017,80.26
NZL,New Zealand,East Asia & Pacific,2018,80.48
NZL,New Zealand,East Asia & Pacific,2019,79.68
NZL,New Zealand,East Asia & Pacific,2020,83.28
NZL,New Zealand,East Asia & Pacific,2021,84.82
OMN,Oman,Middle East & North Africa,2014,28.95
OMN,Oman,Middle East & North Africa,2015,48.51
OMN,Oman,Middle East & North Africa,2016,65.71
OMN,Oman,Middle East & North Africa,2017,70.11
OMN,Oman,Middle East & North Africa,2018,78.27
OMN,Oman,Middle East & North Africa,2019,82.22
OMN,Oman,Middle East & North Africa,2020,84.14
OMN,Oman,Middle East & North Africa,2021,84.95
PAK,Pakistan,South Asia,2014,0.00
PAK,Pakistan,South Asia,2015,36.24
PAK,Pakistan,South Asia,2016,48.23
PAK,Pakistan,South Asia,2017,66.53
PAK,Pakistan,South Asia,2018,69.88
PAK,Pakistan,South Asia,2019,77.88
PAK,Pakistan,South Asia,2020,83.11
PAK,Pakistan,South Asia,2021,85.34
PAN,Panama,Latin America & Caribbean,2014,0.00
PAN,Panama,Latin America & Caribbean,2015,33.35
PAN,Panama,Latin America & Caribbean,2016,48.78
PAN,Panama,Latin America & Caribbean,2017,63.96
PAN,Panama,Latin America & Caribbean,2018,68.74
PAN,Panama,Latin America & Caribbean,2019,68.70
PAN,Panama,Latin America & Caribbean,2020,84.99
PAN,Panama,Latin America & Caribbean,2021,89.36
PER,Peru,Latin America & Caribbean,2014,0.00
PER,Peru,Latin America & Caribbean,2015,21.14
PER,Peru,Latin America & Caribbean,2016,55.80
PER,Peru,Latin America & Caribbean,2017,63.87
PER,Peru,Latin America & Caribbean,2018,77.51
PER,Peru,Latin America & Caribbean,2019,79.69
PER,Peru,Latin America & Caribbean,2020,81.56
PER,Peru,Latin America & Caribbean,2021,83.57
PHL,Philippines,East Asia & Pacific,2014,0.00
PHL,Philippines,East Asia & Pacific,2015,0.00
PHL,Philippines,East Asia & Pacific,2016,12.35
PHL,Philippines,East Asia & Pacific,2017,48.56
PHL,Philippines,East Asia & Pacific,2018,57.18
PHL,Philippines,East Asia & Pacific,2019,62.84
PHL,Philippines,East Asia & Pacific,2020,73.19
PHL,Philippines,East Asia & Pacific,2021,82.01
PNG,Papua New Guinea,East Asia & Pacific,2014,3.10
PNG,Papua New Guinea,East Asia & Pacific,2015,18.13
PNG,Papua New Guinea,East Asia & Pacific,2016,29.72
PNG,Papua New Guinea,East Asia & Pacific,2017,25.94
PNG,Papua New Guinea,East Asia & Pacific,2018,41.80
PNG,Papua New Guinea,East Asia & Pacific,2019,47.03
PNG,Papua New Guinea,East Asia & Pacific,2020,61.90
PNG,Papua New Guinea,East Asia & Pacific,2021,65.27
POL,Poland,Europe & Central Asia,2014,42.54
POL,Poland,Europe & Central Asia,2015,63.34
POL,Poland,Europe & Central Asia,2016,74.86
POL,Poland,Europe & Central Asia,2017,78.39
POL,Poland,Europe & Central Asia,2018,80.04
POL,Poland,Europe & Central Asia,2019,79.28
POL,Poland,Europe & Central Asia,2020,82.85
POL,Poland,Europe & Central Asia,2021,84.71
PRT,Portugal,Europe & Central Asia,2014,57.63
PRT,Portugal,Europe & Central Asia,2015,66.41
PRT,Portugal,Europe & Central Asia,2016,76.79
PRT,Portugal,Europe & Central Asia,2017,84.31
PRT,Portugal,Europe & Central Asia,2018,86.40
PRT,Portugal,Europe & Central Asia,2019,86.76
PRT,Portugal,Europe & Central Asia,2020,88.22
PRT,Portugal,Europe & Central Asia,2021,88.51
PRY,Paraguay,Latin America & Caribbean,2014,0.36
PRY,Paraguay,Latin America & Caribbean,2015,24.83
PRY,Paraguay,Latin America & Caribbean,2016,41.93
PRY,Paraguay,Latin America & Caribbean,2017,65.09
PRY,Paraguay,Latin America & Caribbean,2018,72.53
PRY,Paraguay,Latin America & Caribbean,2019,76.33
PRY,Paraguay,Latin America & Caribbean,2020,79.75
PRY,Paraguay,Latin America & Caribbean,2021,82.45
QAT,Qatar,Middle East & North Africa,2014,28.95
QAT,Qatar,Middle East & North Africa,2015,43.34
QAT,Qatar,Middle East & North Africa,2016,66.86
QAT,Qatar,Middle East & North Africa,2017,80.04
QAT,Qatar,Middle East & North Africa,2018,85.04
QAT,Qatar,Middle East & North Africa,2019,86.56
QAT,Qatar,Middle East & North Africa,2020,89.93
QAT,Qatar,Middle East & North Africa,2021,91.87
ROU,Romania,Europe & Central Asia,2014,44.40
ROU,Romania,Europe & Central Asia,2015,55.73
ROU,Romania,Europe & Central Asia,2016,71.69
ROU,Romania,Europe & Central Asia,2017,81.54
ROU,Romania,Europe & Central Asia,2018,83.44
ROU,Romania,Europe & Central Asia,2019,83.89
ROU,Romania,Europe & Central Asia,2020,84.19
ROU,Romania,Europe & Central Asia,2021,86.97
RUS,Russian Federation,Europe & Central Asia,2014,23.43
RUS,Russian Federation,Europe & Central Asia,2015,48.81
RUS,Russian Federation,Europe & Central Asia,2016,63.17
RUS,Russian Federation,Europe & Central Asia,2017,74.19
RUS,Russian Federation,Europe & Central Asia,2018,76.27
RUS,Russian Federation,Europe & Central Asia,2019,76.56
RUS,Russian Federation,Europe & Central Asia,2020,78.65
RUS,Russian Federation,Europe & Central Asia,2021,81.14
RWA,Rwanda,Sub-Saharan Africa,2014,50.34
RWA,Rwanda,Sub-Saharan Africa,2015,64.76
RWA,Rwanda,Sub-Saharan Africa,2016,40.15
RWA,Rwanda,Sub-Saharan Africa,2017,78.77
RWA,Rwanda,Sub-Saharan Africa,2018,77.47
RWA,Rwanda,Sub-Saharan Africa,2019,84.15
RWA,Rwanda,Sub-Saharan Africa,2020,84.32
RWA,Rwanda,Sub-Saharan Africa,2021,86.54
SAU,Saudi Arabia,Middle East & North Africa,2014,25.09
SAU,Saudi Arabia,Middle East & North Africa,2015,43.05
SAU,Saudi Arabia,Middle East & North Africa,2016,56.97
SAU,Saudi Arabia,Middle East & North Africa,2017,69.24
SAU,Saudi Arabia,Middle East & North Africa,2018,73.75
SAU,Saudi Arabia,Middle East & North Africa,2019,80.08
SAU,Saudi Arabia,Middle East & North Africa,2020,82.16
SAU,Saudi Arabia,Middle East & North Africa,2021,85.81
SDN,Sudan,Middle East & North Africa,2014,0.00
SDN,Sudan,Middle East & North Africa,2015,0.00
SDN,Sudan,Middle East & North Africa,2016,33.61
SDN,Sudan,Middle East & North Africa,2017,39.50
SDN,Sudan,Middle East & North Africa,2018,64.18
SDN,Sudan,Middle East & North Africa,2019,33.54
SDN,Sudan,Middle East & North Africa,2020,64.33
SDN,Sudan,Middle East & North Africa,2021,79.45
SEN,Senegal,Sub-Saharan Africa,2014,0.00
SEN,Senegal,Sub-Saharan Africa,2015,32.63
SEN,Senegal,Sub-Saharan Africa,2016,24.40
SEN,Senegal,Sub-Saharan Africa,2017,56.36
SEN,Senegal,Sub-Saharan Africa,2018,64.82
SEN,Senegal,Sub-Saharan Africa,2019,67.99
SEN,Senegal,Sub-Saharan Africa,2020,75.31
SEN,Senegal,Sub-Saharan Africa,2021,82.65
SGP,Singapore,East Asia & Pacific,2014,57.42
SGP,Singapore,East Asia & Pacific,2015,69.07
SGP,Singapore,East Asia & Pacific,2016,78.04
SGP,Singapore,East Asia & Pacific,2017,86.80
SGP,Singapore,East Asia & Pacific,2018,89.00
SGP,Singapore,East Asia & Pacific,2019,89.17
SGP,Singapore,East Asia & Pacific,2020,92.05
SGP,Singapore,East Asia & Pacific,2021,92.55
SLB,Solomon Islands,East Asia & Pacific,2014,0.00
SLB,Solomon Islands,East Asia & Pacific,2015,0.00
SLB,Solomon Islands,East Asia & Pacific,2016,37.11
SLB,Solomon Islands,East Asia & Pacific,2017,3.05
SLB,Solomon Islands,East Asia & Pacific,2018,10.32
SLB,Solomon Islands,East Asia & Pacific,2019,0.00
SLB,Solomon Islands,East Asia & Pacific,2020,57.73
SLB,Solomon Islands,East Asia & Pacific,2021,68.90
SLE,Sierra Leone,Sub-Saharan Africa,2014,0.00
SLE,Sierra Leone,Sub-Saharan Africa,2015,0.00
SLE,Sierra Leone,Sub-Saharan Africa,2016,6.32
SLE,Sierra Leone,Sub-Saharan Africa,2017,44.21
SLE,Sierra Leone,Sub-Saharan Africa,2018,64.55
SLE,Sierra Leone,Sub-Saharan Africa,2019,81.84
SLE,Sierra Leone,Sub-Saharan Africa,2020,84.39
SLE,Sierra Leone,Sub-Saharan Africa,2021,84.69
SLV,El Salvador,Latin America & Caribbean,2014,0.00
SLV,El Salvador,Latin America & Caribbean,2015,18.68
SLV,El Salvador,Latin America & Caribbean,2016,41.43
SLV,El Salvador,Latin America & Caribbean,2017,68.92
SLV,El Salvador,Latin America & Caribbean,2018,71.56
SLV,El Salvador,Latin America & Caribbean,2019,74.76
SLV,El Salvador,Latin America & Caribbean,2020,80.96
SLV,El Salvador,Latin America & Caribbean,2021,84.99
SRB,Serbia,Europe & Central Asia,2014,36.05
SRB,Serbia,Europe & Central Asia,2015,61.53
SRB,Serbia,Europe & Central Asia,2016,76.32
SRB,Serbia,Europe & Central Asia,2017,83.37
SRB,Serbia,Europe & Central Asia,2018,85.59
SRB,Serbia,Europe & Central Asia,2019,86.83
SRB,Serbia,Europe & Central Asia,2020,89.04
SRB,Serbia,Europe & Central Asia,2021,89.49
SSD,South Sudan,Sub-Saharan Africa,2014,0.00
SSD,South Sudan,Sub-Saharan Africa,2015,0.00
SSD,South Sudan,Sub-Saharan Africa,2016,0.00
SSD,South Sudan,Sub-Saharan Africa,2017,0.00
SSD,South Sudan,Sub-Saharan Africa,2018,0.00
SSD,South Sudan,Sub-Saharan Africa,2019,0.00
SSD,South Sudan,Sub-Saharan Africa,2020,15.95
SSD,South Sudan,Sub-Saharan Africa,2021,22.83
SUR,Suriname,Latin America & Caribbean,2014,19.74
SUR,Suriname,Latin America & Caribbean,2015,51.32
SUR,Suriname,Latin America & Caribbean,2016,61.22
SUR,Suriname,Latin America & Caribbean,2017,69.80
SUR,Suriname,Latin America & Caribbean,2018,71.85
SUR,Suriname,Latin America & Caribbean,2019,79.04
SUR,Suriname,Latin America & Caribbean,2020,85.18
SUR,Suriname,Latin America & Caribbean,2021,84.90
SVK,Slovakia,Europe & Central Asia,2014,58.70
SVK,Slovakia,Europe & Central Asia,2015,68.24
SVK,Slovakia,Europe & Central Asia,2016,80.14
SVK,Slovakia,Europe & Central Asia,2017,86.12
SVK,Slovakia,Europe & Central Asia,2018,85.51
SVK,Slovakia,Europe & Central Asia,2019,86.44
SVK,Slovakia,Europe & Central Asia,2020,88.68
SVK,Slovakia,Europe & Central Asia,2021,90.32
SVN,Slovenia,Europe & Central Asia,2014,45.84
SVN,Slovenia,Europe & Central Asia,2015,72.90
SVN,Slovenia,Europe & Central Asia,2016,82.32
SVN,Slovenia,Europe & Central Asia,2017,87.52
SVN,Slovenia,Europe & Central Asia,2018,88.46
SVN,Slovenia,Europe & Central Asia,2019,88.43
SVN,Slovenia,Europe & Central Asia,2020,90.38
SVN,Slovenia,Europe & Central Asia,2021,90.94
SWE,Sweden,Europe & Central Asia,2014,60.94
SWE,Sweden,Europe & Central Asia,2015,74.03
SWE,Sweden,Europe & Central Asia,2016,80.83
SWE,Sweden,Europe & Central Asia,2017,85.36
SWE,Sweden,Europe & Central Asia,2018,85.44
SWE,Sweden,Europe & Central Asia,2019,86.57
SWE,Sweden,Europe & Central Asia,2020,87.32
SWE,Sweden,Europe & Central Asia,2021,88.31
SWZ,Eswatini,Sub-Saharan Africa,2014,28.42
SWZ,Eswatini,Sub-Saharan Africa,2015,35.00
SWZ,Eswatini,Sub-Saharan Africa,2016,40.29
SWZ,Eswatini,Sub-Saharan Africa,2017,50.18
SWZ,Eswatini,Sub-Saharan Africa,2018,60.52
SWZ,Eswatini,Sub-Saharan Africa,2019,80.94
SWZ,Eswatini,Sub-Saharan Africa,2020,80.39
SWZ,Eswatini,Sub-Saharan Africa,2021,83.41
TCD,Chad,Sub-Saharan Africa,2014,0.00
TCD,Chad,Sub-Saharan Africa,2015,0.00
TCD,Chad,Sub-Saharan Africa,2016,0.00
TCD,Chad,Sub-Saharan Africa,2017,31.15
TCD,Chad,Sub-Saharan Africa,2018,31.85
TCD,Chad,Sub-Saharan Africa,2019,26.60
TCD,Chad,Sub-Saharan Africa,2020,58.97
TCD,Chad,Sub-Saharan Africa,2021,75.67
TGO,Togo,Sub-Saharan Africa,2014,0.00
TGO,Togo,Sub-Saharan Africa,2015,0.00
TGO,Togo,Sub-Saharan Africa,2016,36.05
TGO,Togo,Sub-Saharan Africa,2017,38.42
TGO,Togo,Sub-Saharan Africa,2018,69.25
TGO,Togo,Sub-Saharan Africa,2019,81.51
TGO,Togo,Sub-Saharan Africa,2020,81.09
TGO,Togo,Sub-Saharan Africa,2021,76.50
THA,Thailand,East Asia & Pacific,2014,47.73
THA,Thailand,East Asia & Pacific,2015,59.98
THA,Thailand,East Asia & Pacific,2016,76.69
THA,Thailand,East Asia & Pacific,2017,81.46
THA,Thailand,East Asia & Pacific,2018,84.76
THA,Thailand,East Asia & Pacific,2019,86.24
THA,Thailand,East Asia & Pacific,2020,87.88
THA,Thailand,East Asia & Pacific,2021,88.85
TJK,Tajikistan,Europe & Central Asia,2014,19.29
TJK,Tajikistan,Europe & Central Asia,2015,48.24
TJK,Tajikistan,Europe & Central Asia,2016,57.62
TJK,Tajikistan,Europe & Central Asia,2017,75.00
TJK,Tajikistan,Europe & Central Asia,2018,74.02
TJK,Tajikistan,Europe & Central Asia,2019,75.72
TJK,Tajikistan,Europe & Central Asia,2020,80.20
TJK,Tajikistan,Europe & Central Asia,2021,80.69
TLS,Timor-Leste,East Asia & Pacific,2014,0.00
TLS,Timor-Leste,East Asia & Pacific,2015,0.00
TLS,Timor-Leste,East Asia & Pacific,2016,10.00
TLS,Timor-Leste,East Asia & Pacific,2017,61.31
TLS,Timor-Leste,East Asia & Pacific,2018,63.20
TLS,Timor-Leste,East Asia & Pacific,2019,69.70
TLS,Timor-Leste,East Asia & Pacific,2020,83.86
TLS,Timor-Leste,East Asia & Pacific,2021,81.50
TON,Tonga,East Asia & Pacific,2014,0.00
TON,Tonga,East Asia & Pacific,2015,0.00
TON,Tonga,East Asia & Pacific,2016,34.46
TON,Tonga,East Asia & Pacific,2017,34.46
TON,Tonga,East Asia & Pacific,2018,56.60
TON,Tonga,East Asia & Pacific,2019,56.70
TON,Tonga,East Asia & Pacific,2020,72.26
TON,Tonga,East Asia & Pacific,2021,68.80
TTO,Trinidad and Tobago,Latin America & Caribbean,2014,0.00
TTO,Trinidad and Tobago,Latin America & Caribbean,2015,47.37
TTO,Trinidad and Tobago,Latin America & Caribbean,2016,64.05
TTO,Trinidad and Tobago,Latin America & Caribbean,2017,75.08
TTO,Trinidad and Tobago,Latin America & Caribbean,2018,81.83
TTO,Trinidad and Tobago,Latin America & Caribbean,2019,84.50
TTO,Trinidad and Tobago,Latin America & Caribbean,2020,86.16
TTO,Trinidad and Tobago,Latin America & Caribbean,2021,88.87
TUN,Tunisia,Middle East & North Africa,2014,0.00
TUN,Tunisia,Middle East & North Africa,2015,40.53
TUN,Tunisia,Middle East & North Africa,2016,66.97
TUN,Tunisia,Middle East & North Africa,2017,83.52
TUN,Tunisia,Middle East & North Africa,2018,85.89
TUN,Tunisia,Middle East & North Africa,2019,87.18
TUN,Tunisia,Middle East & North Africa,2020,89.16
TUN,Tunisia,Middle East & North Africa,2021,89.90
TUR,Turkey,Middle East & North Africa,2014,38.16
TUR,Turkey,Middle East & North Africa,2015,62.73
TUR,Turkey,Middle East & North Africa,2016,82.83
TUR,Turkey,Middle East & North Africa,2017,87.57
TUR,Turkey,Middle East & North Africa,2018,89.06
TUR,Turkey,Middle East & North Africa,2019,89.46
TUR,Turkey,Middle East & North Africa,2020,90.02
TUR,Turkey,Middle East & North Africa,2021,88.55
TZA,Tanzania,Sub-Saharan Africa,2014,0.00
TZA,Tanzania,Sub-Saharan Africa,2015,2.26
TZA,Tanzania,Sub-Saharan Africa,2016,48.34
TZA,Tanzania,Sub-Saharan Africa,2017,72.40
TZA,Tanzania,Sub-Saharan Africa,2018,73.71
TZA,Tanzania,Sub-Saharan Africa,2019,75.63
TZA,Tanzania,Sub-Saharan Africa,2020,74.93
TZA,Tanzania,Sub-Saharan Africa,2021,76.58
UGA,Uganda,Sub-Saharan Africa,2014,1.35
UGA,Uganda,Sub-Saharan Africa,2015,53.16
UGA,Uganda,Sub-Saharan Africa,2016,35.28
UGA,Uganda,Sub-Saharan Africa,2017,71.62
UGA,Uganda,Sub-Saharan Africa,2018,76.81
UGA,Uganda,Sub-Saharan Africa,2019,81.18
UGA,Uganda,Sub-Saharan Africa,2020,82.84
UGA,Uganda,Sub-Saharan Africa,2021,84.89
UKR,Ukraine,Europe & Central Asia,2014,40.79
UKR,Ukraine,Europe & Central Asia,2015,59.47
UKR,Ukraine,Europe & Central Asia,2016,70.53
UKR,Ukraine,Europe & Central Asia,2017,77.93
UKR,Ukraine,Europe & Central Asia,2018,80.52
UKR,Ukraine,Europe & Central Asia,2019,79.58
UKR,Ukraine,Europe & Central Asia,2020,81.70
UKR,Ukraine,Europe & Central Asia,2021,83.17
URY,Uruguay,Latin America & Caribbean,2014,12.26
URY,Uruguay,Latin America & Caribbean,2015,46.95
URY,Uruguay,Latin America & Caribbean,2016,66.80
URY,Uruguay,Latin America & Caribbean,2017,76.93
URY,Uruguay,Latin America & Caribbean,2018,79.33
URY,Uruguay,Latin America & Caribbean,2019,80.90
URY,Uruguay,Latin America & Caribbean,2020,84.86
URY,Uruguay,Latin America & Caribbean,2021,85.04
USA,United States of America,North America,2014,44.82
USA,United States of America,North America,2015,57.70
USA,United States of America,North America,2016,69.02
USA,United States of America,North America,2017,72.90
USA,United States of America,North America,2018,76.12
USA,United States of America,North America,2019,77.05
USA,United States of America,North America,2020,80.35
USA,United States of America,North America,2021,82.80
UZB,Uzbekistan,Europe & Central Asia,2014,14.73
UZB,Uzbekistan,Europe & Central Asia,2015,48.96
UZB,Uzbekistan,Europe & Central Asia,2016,52.75
UZB,Uzbekistan,Europe & Central Asia,2017,72.79
UZB,Uzbekistan,Europe & Central Asia,2018,71.50
UZB,Uzbekistan,Europe & Central Asia,2019,68.17
UZB,Uzbekistan,Europe & Central Asia,2020,74.59
UZB,Uzbekistan,Europe & Central Asia,2021,83.20
VCT,Saint Vincent and the Grenadines,Latin America & Caribbean,2014,35.79
VCT,Saint Vincent and the Grenadines,Latin America & Caribbean,2015,9.47
VCT,Saint Vincent and the Grenadines,Latin America & Caribbean,2016,19.21
VCT,Saint Vincent and the Grenadines,Latin America & Caribbean,2017,40.53
VCT,Saint Vincent and the Grenadines,Latin America & Caribbean,2018,42.06
VCT,Saint Vincent and the Grenadines,Latin America & Caribbean,2019,56.63
VCT,Saint Vincent and the Grenadines,Latin America & Caribbean,2020,55.95
VCT,Saint Vincent and the Grenadines,Latin America & Caribbean,2021,75.85
VEN,Venezuela,Latin America & Caribbean,2014,0.00
VEN,Venezuela,Latin America & Caribbean,2015,6.04
VEN,Venezuela,Latin America & Caribbean,2016,50.75
VEN,Venezuela,Latin America & Caribbean,2017,60.73
VEN,Venezuela,Latin America & Caribbean,2018,56.31
VEN,Venezuela,Latin America & Caribbean,2019,49.73
VEN,Venezuela,Latin America & Caribbean,2020,67.15
VEN,Venezuela,Latin America & Caribbean,2021,75.51
VNM,Vietnam,East Asia & Pacific,2014,0.00
VNM,Vietnam,East Asia & Pacific,2015,36.32
VNM,Vietnam,East Asia & Pacific,2016,71.05
VNM,Vietnam,East Asia & Pacific,2017,84.26
VNM,Vietnam,East Asia & Pacific,2018,83.84
VNM,Vietnam,East Asia & Pacific,2019,84.47
VNM,Vietnam,East Asia & Pacific,2020,86.24
VNM,Vietnam,East Asia & Pacific,2021,87.33
VUT,Vanuatu,East Asia & Pacific,2014,0.00
VUT,Vanuatu,East Asia & Pacific,2015,0.00
VUT,Vanuatu,East Asia & Pacific,2016,41.73
VUT,Vanuatu,East Asia & Pacific,2017,65.38
VUT,Vanuatu,East Asia & Pacific,2018,58.24
VUT,Vanuatu,East Asia & Pacific,2019,64.29
VUT,Vanuatu,East Asia & Pacific,2020,73.38
VUT,Vanuatu,East Asia & Pacific,2021,71.11
WSM,Samoa,East Asia & Pacific,2014,0.00
WSM,Samoa,East Asia & Pacific,2015,0.00
WSM,Samoa,East Asia & Pacific,2016,22.44
WSM,Samoa,East Asia & Pacific,2017,63.81
WSM,Samoa,East Asia & Pacific,2018,76.56
WSM,Samoa,East Asia & Pacific,2019,70.36
WSM,Samoa,East Asia & Pacific,2020,82.59
WSM,Samoa,East Asia & Pacific,2021,89.65
YEM,Yemen,Middle East & North Africa,2014,0.00
YEM,Yemen,Middle East & North Africa,2015,0.00
YEM,Yemen,Middle East & North Africa,2016,0.00
YEM,Yemen,Middle East & North Africa,2017,29.47
YEM,Yemen,Middle East & North Africa,2018,0.00
YEM,Yemen,Middle East & North Africa,2019,9.47
YEM,Yemen,Middle East & North Africa,2020,0.00
YEM,Yemen,Middle East & North Africa,2021,61.05
ZAF,South Africa,Sub-Saharan Africa,2014,35.85
ZAF,South Africa,Sub-Saharan Africa,2015,55.44
ZAF,South Africa,Sub-Saharan Africa,2016,72.48
ZAF,South Africa,Sub-Saharan Africa,2017,78.96
ZAF,South Africa,Sub-Saharan Africa,2018,80.19
ZAF,South Africa,Sub-Saharan Africa,2019,78.24
ZAF,South Africa,Sub-Saharan Africa,2020,81.35
ZAF,South Africa,Sub-Saharan Africa,2021,84.86
ZMB,Zambia,Sub-Saharan Africa,2014,0.18
ZMB,Zambia,Sub-Saharan Africa,2015,35.32
ZMB,Zambia,Sub-Saharan Africa,2016,49.39
ZMB,Zambia,Sub-Saharan Africa,2017,60.15
ZMB,Zambia,Sub-Saharan Africa,2018,61.58
ZMB,Zambia,Sub-Saharan Africa,2019,60.22
ZMB,Zambia,Sub-Saharan Africa,2020,73.33
ZMB,Zambia,Sub-Saharan Africa,2021,79.12
ZWE,Zimbabwe,Sub-Saharan Africa,2014,25.81
ZWE,Zimbabwe,Sub-Saharan Africa,2015,43.22
ZWE,Zimbabwe,Sub-Saharan Africa,2016,51.99
ZWE,Zimbabwe,Sub-Saharan Africa,2017,67.41
ZWE,Zimbabwe,Sub-Saharan Africa,2018,73.42
ZWE,Zimbabwe,Sub-Saharan Africa,2019,72.69
ZWE,Zimbabwe,Sub-Saharan Africa,2020,73.02
ZWE,Zimbabwe,Sub-Saharan Africa,2021,70.81
